범죄명,연도,검거기간,범죄종류,범죄자수
살인기수,2011,1일이내,강력범죄,217
살인기수,2011,2일이내,강력범죄,13
살인기수,2011,3일이내,강력범죄,11
살인기수,2011,10일이내,강력범죄,35
살인기수,2011,1개월이내,강력범죄,29
살인기수,2011,3개월이내,강력범죄,38
살인기수,2011,6개월이내,강력범죄,18
살인기수,2011,1년이내,강력범죄,8
살인기수,2011,1년초과,강력범죄,26
살인미수등,2011,1일이내,강력범죄,511
살인미수등,2011,2일이내,강력범죄,16
살인미수등,2011,3일이내,강력범죄,16
살인미수등,2011,10일이내,강력범죄,69
살인미수등,2011,1개월이내,강력범죄,49
살인미수등,2011,3개월이내,강력범죄,33
살인미수등,2011,6개월이내,강력범죄,22
살인미수등,2011,1년이내,강력범죄,18
살인미수등,2011,1년초과,강력범죄,25
강도,2011,1일이내,강력범죄,1078
강도,2011,2일이내,강력범죄,120
강도,2011,3일이내,강력범죄,101
강도,2011,10일이내,강력범죄,479
강도,2011,1개월이내,강력범죄,609
강도,2011,3개월이내,강력범죄,430
강도,2011,6개월이내,강력범죄,173
강도,2011,1년이내,강력범죄,141
강도,2011,1년초과,강력범죄,253
강도,2011,미상,강력범죄,1
강간·강제추행,2011,1일이내,강력범죄,8062
강간·강제추행,2011,2일이내,강력범죄,388
강간·강제추행,2011,3일이내,강력범죄,349
강간·강제추행,2011,10일이내,강력범죄,1697
강간·강제추행,2011,1개월이내,강력범죄,2003
강간·강제추행,2011,3개월이내,강력범죄,1798
강간·강제추행,2011,6개월이내,강력범죄,811
강간·강제추행,2011,1년이내,강력범죄,545
강간·강제추행,2011,1년초과,강력범죄,751
강간,2011,1일이내,강력범죄,0
강간,2011,2일이내,강력범죄,0
강간,2011,3일이내,강력범죄,0
강간,2011,10일이내,강력범죄,0
강간,2011,1개월이내,강력범죄,0
강간,2011,3개월이내,강력범죄,0
강간,2011,6개월이내,강력범죄,0
강간,2011,1년이내,강력범죄,0
강간,2011,1년초과,강력범죄,0
유사강간,2011,1일이내,강력범죄,0
유사강간,2011,2일이내,강력범죄,0
유사강간,2011,3일이내,강력범죄,0
유사강간,2011,10일이내,강력범죄,0
유사강간,2011,1개월이내,강력범죄,0
유사강간,2011,3개월이내,강력범죄,0
유사강간,2011,6개월이내,강력범죄,0
유사강간,2011,1년이내,강력범죄,0
유사강간,2011,1년초과,강력범죄,0
강제추행,2011,1일이내,강력범죄,0
강제추행,2011,2일이내,강력범죄,0
강제추행,2011,3일이내,강력범죄,0
강제추행,2011,10일이내,강력범죄,0
강제추행,2011,1개월이내,강력범죄,0
강제추행,2011,3개월이내,강력범죄,0
강제추행,2011,6개월이내,강력범죄,0
강제추행,2011,1년이내,강력범죄,0
강제추행,2011,1년초과,강력범죄,0
기타 강간·강제추행등,2011,1일이내,강력범죄,0
기타 강간·강제추행등,2011,2일이내,강력범죄,0
기타 강간·강제추행등,2011,3일이내,강력범죄,0
기타 강간·강제추행등,2011,10일이내,강력범죄,0
기타 강간·강제추행등,2011,1개월이내,강력범죄,0
기타 강간·강제추행등,2011,3개월이내,강력범죄,0
기타 강간·강제추행등,2011,6개월이내,강력범죄,0
기타 강간·강제추행등,2011,1년이내,강력범죄,0
기타 강간·강제추행등,2011,1년초과,강력범죄,0
방화,2011,1일이내,강력범죄,887
방화,2011,2일이내,강력범죄,37
방화,2011,3일이내,강력범죄,28
방화,2011,10일이내,강력범죄,129
방화,2011,1개월이내,강력범죄,145
방화,2011,3개월이내,강력범죄,129
방화,2011,6개월이내,강력범죄,53
방화,2011,1년이내,강력범죄,34
방화,2011,1년초과,강력범죄,41
절도범죄,2011,1일이내,절도범죄,29610
절도범죄,2011,2일이내,절도범죄,4017
절도범죄,2011,3일이내,절도범죄,3295
절도범죄,2011,10일이내,절도범죄,15524
절도범죄,2011,1개월이내,절도범죄,20611
절도범죄,2011,3개월이내,절도범죄,19548
절도범죄,2011,6개월이내,절도범죄,9232
절도범죄,2011,1년이내,절도범죄,5615
절도범죄,2011,1년초과,절도범죄,5395
절도범죄,2011,미상,절도범죄,2
상해,2011,1일이내,폭력범죄,30740
상해,2011,2일이내,폭력범죄,1416
상해,2011,3일이내,폭력범죄,1647
상해,2011,10일이내,폭력범죄,8005
상해,2011,1개월이내,폭력범죄,10063
상해,2011,3개월이내,폭력범죄,6556
상해,2011,6개월이내,폭력범죄,1655
상해,2011,1년이내,폭력범죄,908
상해,2011,1년초과,폭력범죄,962
상해,2011,미상,폭력범죄,0
폭행,2011,1일이내,폭력범죄,86171
폭행,2011,2일이내,폭력범죄,1605
폭행,2011,3일이내,폭력범죄,2187
폭행,2011,10일이내,폭력범죄,8541
폭행,2011,1개월이내,폭력범죄,8453
폭행,2011,3개월이내,폭력범죄,5165
폭행,2011,6개월이내,폭력범죄,1290
폭행,2011,1년이내,폭력범죄,627
폭행,2011,1년초과,폭력범죄,474
폭행,2011,미상,폭력범죄,1
체포·감금,2011,1일이내,폭력범죄,277
체포·감금,2011,2일이내,폭력범죄,17
체포·감금,2011,3일이내,폭력범죄,10
체포·감금,2011,10일이내,폭력범죄,53
체포·감금,2011,1개월이내,폭력범죄,111
체포·감금,2011,3개월이내,폭력범죄,113
체포·감금,2011,6개월이내,폭력범죄,47
체포·감금,2011,1년이내,폭력범죄,26
체포·감금,2011,1년초과,폭력범죄,66
협박,2011,1일이내,폭력범죄,752
협박,2011,2일이내,폭력범죄,33
협박,2011,3일이내,폭력범죄,50
협박,2011,10일이내,폭력범죄,307
협박,2011,1개월이내,폭력범죄,567
협박,2011,3개월이내,폭력범죄,711
협박,2011,6개월이내,폭력범죄,298
협박,2011,1년이내,폭력범죄,216
협박,2011,1년초과,폭력범죄,209
약취·유인,2011,1일이내,폭력범죄,75
약취·유인,2011,2일이내,폭력범죄,7
약취·유인,2011,3일이내,폭력범죄,9
약취·유인,2011,10일이내,폭력범죄,25
약취·유인,2011,1개월이내,폭력범죄,24
약취·유인,2011,3개월이내,폭력범죄,35
약취·유인,2011,6개월이내,폭력범죄,23
약취·유인,2011,1년이내,폭력범죄,7
약취·유인,2011,1년초과,폭력범죄,18
폭력행위등,2011,1일이내,폭력범죄,23740
폭력행위등,2011,2일이내,폭력범죄,773
폭력행위등,2011,3일이내,폭력범죄,754
폭력행위등,2011,10일이내,폭력범죄,3715
폭력행위등,2011,1개월이내,폭력범죄,4676
폭력행위등,2011,3개월이내,폭력범죄,3625
폭력행위등,2011,6개월이내,폭력범죄,1231
폭력행위등,2011,1년이내,폭력범죄,796
폭력행위등,2011,1년초과,폭력범죄,862
폭력행위등,2011,미상,폭력범죄,0
공갈,2011,1일이내,폭력범죄,626
공갈,2011,2일이내,폭력범죄,53
공갈,2011,3일이내,폭력범죄,41
공갈,2011,10일이내,폭력범죄,261
공갈,2011,1개월이내,폭력범죄,441
공갈,2011,3개월이내,폭력범죄,597
공갈,2011,6개월이내,폭력범죄,380
공갈,2011,1년이내,폭력범죄,247
공갈,2011,1년초과,폭력범죄,592
손괴,2011,1일이내,폭력범죄,14740
손괴,2011,2일이내,폭력범죄,372
손괴,2011,3일이내,폭력범죄,457
손괴,2011,10일이내,폭력범죄,2332
손괴,2011,1개월이내,폭력범죄,3245
손괴,2011,3개월이내,폭력범죄,2851
손괴,2011,6개월이내,폭력범죄,882
손괴,2011,1년이내,폭력범죄,485
손괴,2011,1년초과,폭력범죄,509
손괴,2011,미상,폭력범죄,1
직무유기,2011,1일이내,지능범죄,1
직무유기,2011,2일이내,지능범죄,1
직무유기,2011,3일이내,지능범죄,1
직무유기,2011,10일이내,지능범죄,4
직무유기,2011,1개월이내,지능범죄,19
직무유기,2011,3개월이내,지능범죄,75
직무유기,2011,6개월이내,지능범죄,45
직무유기,2011,1년이내,지능범죄,49
직무유기,2011,1년초과,지능범죄,111
직권남용,2011,1일이내,지능범죄,0
직권남용,2011,2일이내,지능범죄,1
직권남용,2011,3일이내,지능범죄,2
직권남용,2011,10일이내,지능범죄,5
직권남용,2011,1개월이내,지능범죄,20
직권남용,2011,3개월이내,지능범죄,51
직권남용,2011,6개월이내,지능범죄,25
직권남용,2011,1년이내,지능범죄,27
직권남용,2011,1년초과,지능범죄,42
증수뢰,2011,1일이내,지능범죄,11
증수뢰,2011,2일이내,지능범죄,0
증수뢰,2011,3일이내,지능범죄,0
증수뢰,2011,10일이내,지능범죄,3
증수뢰,2011,1개월이내,지능범죄,7
증수뢰,2011,3개월이내,지능범죄,70
증수뢰,2011,6개월이내,지능범죄,54
증수뢰,2011,1년이내,지능범죄,91
증수뢰,2011,1년초과,지능범죄,335
통화,2011,1일이내,지능범죄,22
통화,2011,2일이내,지능범죄,1
통화,2011,3일이내,지능범죄,3
통화,2011,10일이내,지능범죄,16
통화,2011,1개월이내,지능범죄,38
통화,2011,3개월이내,지능범죄,38
통화,2011,6개월이내,지능범죄,25
통화,2011,1년이내,지능범죄,1
통화,2011,1년초과,지능범죄,5
문서·인장,2011,1일이내,지능범죄,831
문서·인장,2011,2일이내,지능범죄,45
문서·인장,2011,3일이내,지능범죄,41
문서·인장,2011,10일이내,지능범죄,356
문서·인장,2011,1개월이내,지능범죄,1318
문서·인장,2011,3개월이내,지능범죄,2125
문서·인장,2011,6개월이내,지능범죄,1625
문서·인장,2011,1년이내,지능범죄,1836
문서·인장,2011,1년초과,지능범죄,4701
유가증권인지,2011,1일이내,지능범죄,14
유가증권인지,2011,2일이내,지능범죄,1
유가증권인지,2011,3일이내,지능범죄,1
유가증권인지,2011,10일이내,지능범죄,6
유가증권인지,2011,1개월이내,지능범죄,14
유가증권인지,2011,3개월이내,지능범죄,90
유가증권인지,2011,6개월이내,지능범죄,94
유가증권인지,2011,1년이내,지능범죄,73
유가증권인지,2011,1년초과,지능범죄,189
사기,2011,1일이내,지능범죄,13127
사기,2011,2일이내,지능범죄,528
사기,2011,3일이내,지능범죄,720
사기,2011,10일이내,지능범죄,3420
사기,2011,1개월이내,지능범죄,13663
사기,2011,3개월이내,지능범죄,26242
사기,2011,6개월이내,지능범죄,19812
사기,2011,1년이내,지능범죄,24901
사기,2011,1년초과,지능범죄,64939
사기,2011,미상,지능범죄,10
횡령,2011,1일이내,지능범죄,643
횡령,2011,2일이내,지능범죄,137
횡령,2011,3일이내,지능범죄,116
횡령,2011,10일이내,지능범죄,648
횡령,2011,1개월이내,지능범죄,1435
횡령,2011,3개월이내,지능범죄,2913
횡령,2011,6개월이내,지능범죄,2670
횡령,2011,1년이내,지능범죄,3211
횡령,2011,1년초과,지능범죄,8321
횡령,2011,미상,지능범죄,0
배임,2011,1일이내,지능범죄,5
배임,2011,2일이내,지능범죄,1
배임,2011,3일이내,지능범죄,2
배임,2011,10일이내,지능범죄,11
배임,2011,1개월이내,지능범죄,78
배임,2011,3개월이내,지능범죄,409
배임,2011,6개월이내,지능범죄,507
배임,2011,1년이내,지능범죄,635
배임,2011,1년초과,지능범죄,2563
배임,2011,미상,지능범죄,0
성풍속범죄,2011,1일이내,풍속범죄,1984
성풍속범죄,2011,2일이내,풍속범죄,102
성풍속범죄,2011,3일이내,풍속범죄,124
성풍속범죄,2011,10일이내,풍속범죄,1030
성풍속범죄,2011,1개월이내,풍속범죄,3828
성풍속범죄,2011,3개월이내,풍속범죄,3545
성풍속범죄,2011,6개월이내,풍속범죄,888
성풍속범죄,2011,1년이내,풍속범죄,426
성풍속범죄,2011,1년초과,풍속범죄,378
도박범죄,2011,1일이내,풍속범죄,6870
도박범죄,2011,2일이내,풍속범죄,176
도박범죄,2011,3일이내,풍속범죄,175
도박범죄,2011,10일이내,풍속범죄,932
도박범죄,2011,1개월이내,풍속범죄,1311
도박범죄,2011,3개월이내,풍속범죄,1932
도박범죄,2011,6개월이내,풍속범죄,1332
도박범죄,2011,1년이내,풍속범죄,1072
도박범죄,2011,1년초과,풍속범죄,1200
특별경제범죄,2011,1일이내,특별경제범죄,10553
특별경제범죄,2011,2일이내,특별경제범죄,268
특별경제범죄,2011,3일이내,특별경제범죄,270
특별경제범죄,2011,10일이내,특별경제범죄,2181
특별경제범죄,2011,1개월이내,특별경제범죄,6308
특별경제범죄,2011,3개월이내,특별경제범죄,12719
특별경제범죄,2011,6개월이내,특별경제범죄,8553
특별경제범죄,2011,1년이내,특별경제범죄,5616
특별경제범죄,2011,1년초과,특별경제범죄,6920
특별경제범죄,2011,미상,특별경제범죄,5
마약범죄,2011,1일이내,마약범죄,678
마약범죄,2011,2일이내,마약범죄,120
마약범죄,2011,3일이내,마약범죄,106
마약범죄,2011,10일이내,마약범죄,274
마약범죄,2011,1개월이내,마약범죄,497
마약범죄,2011,3개월이내,마약범죄,815
마약범죄,2011,6개월이내,마약범죄,578
마약범죄,2011,1년이내,마약범죄,464
마약범죄,2011,1년초과,마약범죄,369
마약범죄,2011,미상,마약범죄,0
보건범죄,2011,1일이내,보건범죄,3127
보건범죄,2011,2일이내,보건범죄,190
보건범죄,2011,3일이내,보건범죄,195
보건범죄,2011,10일이내,보건범죄,1304
보건범죄,2011,1개월이내,보건범죄,2997
보건범죄,2011,3개월이내,보건범죄,2859
보건범죄,2011,6개월이내,보건범죄,904
보건범죄,2011,1년이내,보건범죄,767
보건범죄,2011,1년초과,보건범죄,1536
보건범죄,2011,미상,보건범죄,0
환경범죄,2011,1일이내,환경범죄,503
환경범죄,2011,2일이내,환경범죄,46
환경범죄,2011,3일이내,환경범죄,24
환경범죄,2011,10일이내,환경범죄,248
환경범죄,2011,1개월이내,환경범죄,685
환경범죄,2011,3개월이내,환경범죄,623
환경범죄,2011,6개월이내,환경범죄,186
환경범죄,2011,1년이내,환경범죄,83
환경범죄,2011,1년초과,환경범죄,201
교통범죄,2011,1일이내,교통범죄,394109
교통범죄,2011,2일이내,교통범죄,15017
교통범죄,2011,3일이내,교통범죄,14173
교통범죄,2011,10일이내,교통범죄,42240
교통범죄,2011,1개월이내,교통범죄,27691
교통범죄,2011,3개월이내,교통범죄,10755
교통범죄,2011,6개월이내,교통범죄,2058
교통범죄,2011,1년이내,교통범죄,1344
교통범죄,2011,1년초과,교통범죄,1086
교통범죄,2011,미상,교통범죄,12
노동범죄,2011,1일이내,노동범죄,332
노동범죄,2011,2일이내,노동범죄,18
노동범죄,2011,3일이내,노동범죄,17
노동범죄,2011,10일이내,노동범죄,69
노동범죄,2011,1개월이내,노동범죄,190
노동범죄,2011,3개월이내,노동범죄,202
노동범죄,2011,6개월이내,노동범죄,168
노동범죄,2011,1년이내,노동범죄,190
노동범죄,2011,1년초과,노동범죄,334
안보범죄,2011,1일이내,안보범죄,17
안보범죄,2011,2일이내,안보범죄,1
안보범죄,2011,3일이내,안보범죄,0
안보범죄,2011,10일이내,안보범죄,2
안보범죄,2011,1개월이내,안보범죄,8
안보범죄,2011,3개월이내,안보범죄,6
안보범죄,2011,6개월이내,안보범죄,9
안보범죄,2011,1년이내,안보범죄,22
안보범죄,2011,1년초과,안보범죄,53
선거범죄,2011,1일이내,선거범죄,16
선거범죄,2011,2일이내,선거범죄,3
선거범죄,2011,3일이내,선거범죄,1
선거범죄,2011,10일이내,선거범죄,12
선거범죄,2011,1개월이내,선거범죄,43
선거범죄,2011,3개월이내,선거범죄,64
선거범죄,2011,6개월이내,선거범죄,30
선거범죄,2011,1년이내,선거범죄,10
선거범죄,2011,1년초과,선거범죄,14
병역범죄,2011,1일이내,병역범죄,44
병역범죄,2011,2일이내,병역범죄,49
병역범죄,2011,3일이내,병역범죄,34
병역범죄,2011,10일이내,병역범죄,342
병역범죄,2011,1개월이내,병역범죄,3181
병역범죄,2011,3개월이내,병역범죄,7109
병역범죄,2011,6개월이내,병역범죄,1824
병역범죄,2011,1년이내,병역범죄,1699
병역범죄,2011,1년초과,병역범죄,1481
병역범죄,2011,미상,병역범죄,0
기타범죄,2011,1일이내,기타범죄,46306
기타범죄,2011,2일이내,기타범죄,2072
기타범죄,2011,3일이내,기타범죄,1727
기타범죄,2011,10일이내,기타범죄,10858
기타범죄,2011,1개월이내,기타범죄,21427
기타범죄,2011,3개월이내,기타범죄,29279
기타범죄,2011,6개월이내,기타범죄,17299
기타범죄,2011,1년이내,기타범죄,14037
기타범죄,2011,1년초과,기타범죄,20960
기타범죄,2011,미상,기타범죄,5
살인기수,2012,1일이내,강력범죄,226
살인기수,2012,2일이내,강력범죄,19
살인기수,2012,3일이내,강력범죄,13
살인기수,2012,10일이내,강력범죄,41
살인기수,2012,1개월이내,강력범죄,21
살인기수,2012,3개월이내,강력범죄,30
살인기수,2012,6개월이내,강력범죄,15
살인기수,2012,1년이내,강력범죄,8
살인기수,2012,1년초과,강력범죄,22
살인미수등,2012,1일이내,강력범죄,412
살인미수등,2012,2일이내,강력범죄,13
살인미수등,2012,3일이내,강력범죄,7
살인미수등,2012,10일이내,강력범죄,35
살인미수등,2012,1개월이내,강력범죄,34
살인미수등,2012,3개월이내,강력범죄,28
살인미수등,2012,6개월이내,강력범죄,13
살인미수등,2012,1년이내,강력범죄,9
살인미수등,2012,1년초과,강력범죄,25
강도,2012,1일이내,강력범죄,775
강도,2012,2일이내,강력범죄,89
강도,2012,3일이내,강력범죄,73
강도,2012,10일이내,강력범죄,337
강도,2012,1개월이내,강력범죄,353
강도,2012,3개월이내,강력범죄,255
강도,2012,6개월이내,강력범죄,106
강도,2012,1년이내,강력범죄,73
강도,2012,1년초과,강력범죄,179
강도,2012,미상,강력범죄,0
강간·강제추행,2012,1일이내,강력범죄,7118
강간·강제추행,2012,2일이내,강력범죄,388
강간·강제추행,2012,3일이내,강력범죄,400
강간·강제추행,2012,10일이내,강력범죄,1869
강간·강제추행,2012,1개월이내,강력범죄,2335
강간·강제추행,2012,3개월이내,강력범죄,2106
강간·강제추행,2012,6개월이내,강력범죄,864
강간·강제추행,2012,1년이내,강력범죄,593
강간·강제추행,2012,1년초과,강력범죄,957
강간,2012,1일이내,강력범죄,0
강간,2012,2일이내,강력범죄,0
강간,2012,3일이내,강력범죄,0
강간,2012,10일이내,강력범죄,0
강간,2012,1개월이내,강력범죄,0
강간,2012,3개월이내,강력범죄,0
강간,2012,6개월이내,강력범죄,0
강간,2012,1년이내,강력범죄,0
강간,2012,1년초과,강력범죄,0
유사강간,2012,1일이내,강력범죄,0
유사강간,2012,2일이내,강력범죄,0
유사강간,2012,3일이내,강력범죄,0
유사강간,2012,10일이내,강력범죄,0
유사강간,2012,1개월이내,강력범죄,0
유사강간,2012,3개월이내,강력범죄,0
유사강간,2012,6개월이내,강력범죄,0
유사강간,2012,1년이내,강력범죄,0
유사강간,2012,1년초과,강력범죄,0
강제추행,2012,1일이내,강력범죄,0
강제추행,2012,2일이내,강력범죄,0
강제추행,2012,3일이내,강력범죄,0
강제추행,2012,10일이내,강력범죄,0
강제추행,2012,1개월이내,강력범죄,0
강제추행,2012,3개월이내,강력범죄,0
강제추행,2012,6개월이내,강력범죄,0
강제추행,2012,1년이내,강력범죄,0
강제추행,2012,1년초과,강력범죄,0
기타 강간·강제추행등,2012,1일이내,강력범죄,0
기타 강간·강제추행등,2012,2일이내,강력범죄,0
기타 강간·강제추행등,2012,3일이내,강력범죄,0
기타 강간·강제추행등,2012,10일이내,강력범죄,0
기타 강간·강제추행등,2012,1개월이내,강력범죄,0
기타 강간·강제추행등,2012,3개월이내,강력범죄,0
기타 강간·강제추행등,2012,6개월이내,강력범죄,0
기타 강간·강제추행등,2012,1년이내,강력범죄,0
기타 강간·강제추행등,2012,1년초과,강력범죄,0
방화,2012,1일이내,강력범죄,819
방화,2012,2일이내,강력범죄,38
방화,2012,3일이내,강력범죄,29
방화,2012,10일이내,강력범죄,104
방화,2012,1개월이내,강력범죄,125
방화,2012,3개월이내,강력범죄,125
방화,2012,6개월이내,강력범죄,53
방화,2012,1년이내,강력범죄,21
방화,2012,1년초과,강력범죄,32
절도범죄,2012,1일이내,절도범죄,25871
절도범죄,2012,2일이내,절도범죄,3477
절도범죄,2012,3일이내,절도범죄,3010
절도범죄,2012,10일이내,절도범죄,14494
절도범죄,2012,1개월이내,절도범죄,21929
절도범죄,2012,3개월이내,절도범죄,20734
절도범죄,2012,6개월이내,절도범죄,8278
절도범죄,2012,1년이내,절도범죄,4621
절도범죄,2012,1년초과,절도범죄,3945
절도범죄,2012,미상,절도범죄,1
상해,2012,1일이내,폭력범죄,26849
상해,2012,2일이내,폭력범죄,1367
상해,2012,3일이내,폭력범죄,1588
상해,2012,10일이내,폭력범죄,8204
상해,2012,1개월이내,폭력범죄,10649
상해,2012,3개월이내,폭력범죄,6793
상해,2012,6개월이내,폭력범죄,1665
상해,2012,1년이내,폭력범죄,841
상해,2012,1년초과,폭력범죄,956
상해,2012,미상,폭력범죄,2
폭행,2012,1일이내,폭력범죄,84079
폭행,2012,2일이내,폭력범죄,2044
폭행,2012,3일이내,폭력범죄,2852
폭행,2012,10일이내,폭력범죄,11089
폭행,2012,1개월이내,폭력범죄,10653
폭행,2012,3개월이내,폭력범죄,6202
폭행,2012,6개월이내,폭력범죄,1535
폭행,2012,1년이내,폭력범죄,679
폭행,2012,1년초과,폭력범죄,684
폭행,2012,미상,폭력범죄,0
체포·감금,2012,1일이내,폭력범죄,297
체포·감금,2012,2일이내,폭력범죄,19
체포·감금,2012,3일이내,폭력범죄,9
체포·감금,2012,10일이내,폭력범죄,69
체포·감금,2012,1개월이내,폭력범죄,98
체포·감금,2012,3개월이내,폭력범죄,125
체포·감금,2012,6개월이내,폭력범죄,55
체포·감금,2012,1년이내,폭력범죄,43
체포·감금,2012,1년초과,폭력범죄,62
협박,2012,1일이내,폭력범죄,1059
협박,2012,2일이내,폭력범죄,42
협박,2012,3일이내,폭력범죄,68
협박,2012,10일이내,폭력범죄,352
협박,2012,1개월이내,폭력범죄,732
협박,2012,3개월이내,폭력범죄,891
협박,2012,6개월이내,폭력범죄,376
협박,2012,1년이내,폭력범죄,196
협박,2012,1년초과,폭력범죄,232
약취·유인,2012,1일이내,폭력범죄,65
약취·유인,2012,2일이내,폭력범죄,5
약취·유인,2012,3일이내,폭력범죄,2
약취·유인,2012,10일이내,폭력범죄,22
약취·유인,2012,1개월이내,폭력범죄,22
약취·유인,2012,3개월이내,폭력범죄,22
약취·유인,2012,6개월이내,폭력범죄,10
약취·유인,2012,1년이내,폭력범죄,12
약취·유인,2012,1년초과,폭력범죄,14
폭력행위등,2012,1일이내,폭력범죄,22739
폭력행위등,2012,2일이내,폭력범죄,830
폭력행위등,2012,3일이내,폭력범죄,912
폭력행위등,2012,10일이내,폭력범죄,4220
폭력행위등,2012,1개월이내,폭력범죄,5373
폭력행위등,2012,3개월이내,폭력범죄,4190
폭력행위등,2012,6개월이내,폭력범죄,1401
폭력행위등,2012,1년이내,폭력범죄,935
폭력행위등,2012,1년초과,폭력범죄,1069
폭력행위등,2012,미상,폭력범죄,1
공갈,2012,1일이내,폭력범죄,631
공갈,2012,2일이내,폭력범죄,71
공갈,2012,3일이내,폭력범죄,86
공갈,2012,10일이내,폭력범죄,366
공갈,2012,1개월이내,폭력범죄,760
공갈,2012,3개월이내,폭력범죄,1001
공갈,2012,6개월이내,폭력범죄,683
공갈,2012,1년이내,폭력범죄,635
공갈,2012,1년초과,폭력범죄,596
손괴,2012,1일이내,폭력범죄,14182
손괴,2012,2일이내,폭력범죄,419
손괴,2012,3일이내,폭력범죄,497
손괴,2012,10일이내,폭력범죄,2746
손괴,2012,1개월이내,폭력범죄,3806
손괴,2012,3개월이내,폭력범죄,3284
손괴,2012,6개월이내,폭력범죄,1073
손괴,2012,1년이내,폭력범죄,536
손괴,2012,1년초과,폭력범죄,527
손괴,2012,미상,폭력범죄,0
직무유기,2012,1일이내,지능범죄,2
직무유기,2012,2일이내,지능범죄,1
직무유기,2012,3일이내,지능범죄,0
직무유기,2012,10일이내,지능범죄,8
직무유기,2012,1개월이내,지능범죄,17
직무유기,2012,3개월이내,지능범죄,89
직무유기,2012,6개월이내,지능범죄,68
직무유기,2012,1년이내,지능범죄,65
직무유기,2012,1년초과,지능범죄,108
직권남용,2012,1일이내,지능범죄,1
직권남용,2012,2일이내,지능범죄,1
직권남용,2012,3일이내,지능범죄,2
직권남용,2012,10일이내,지능범죄,5
직권남용,2012,1개월이내,지능범죄,21
직권남용,2012,3개월이내,지능범죄,53
직권남용,2012,6개월이내,지능범죄,27
직권남용,2012,1년이내,지능범죄,21
직권남용,2012,1년초과,지능범죄,61
증수뢰,2012,1일이내,지능범죄,12
증수뢰,2012,2일이내,지능범죄,1
증수뢰,2012,3일이내,지능범죄,1
증수뢰,2012,10일이내,지능범죄,3
증수뢰,2012,1개월이내,지능범죄,5
증수뢰,2012,3개월이내,지능범죄,20
증수뢰,2012,6개월이내,지능범죄,27
증수뢰,2012,1년이내,지능범죄,89
증수뢰,2012,1년초과,지능범죄,182
통화,2012,1일이내,지능범죄,33
통화,2012,2일이내,지능범죄,7
통화,2012,3일이내,지능범죄,4
통화,2012,10일이내,지능범죄,56
통화,2012,1개월이내,지능범죄,38
통화,2012,3개월이내,지능범죄,101
통화,2012,6개월이내,지능범죄,16
통화,2012,1년이내,지능범죄,6
통화,2012,1년초과,지능범죄,4
문서·인장,2012,1일이내,지능범죄,966
문서·인장,2012,2일이내,지능범죄,37
문서·인장,2012,3일이내,지능범죄,48
문서·인장,2012,10일이내,지능범죄,311
문서·인장,2012,1개월이내,지능범죄,982
문서·인장,2012,3개월이내,지능범죄,1821
문서·인장,2012,6개월이내,지능범죄,1387
문서·인장,2012,1년이내,지능범죄,1635
문서·인장,2012,1년초과,지능범죄,4460
유가증권인지,2012,1일이내,지능범죄,10
유가증권인지,2012,2일이내,지능범죄,0
유가증권인지,2012,3일이내,지능범죄,0
유가증권인지,2012,10일이내,지능범죄,3
유가증권인지,2012,1개월이내,지능범죄,27
유가증권인지,2012,3개월이내,지능범죄,36
유가증권인지,2012,6개월이내,지능범죄,68
유가증권인지,2012,1년이내,지능범죄,72
유가증권인지,2012,1년초과,지능범죄,143
사기,2012,1일이내,지능범죄,13072
사기,2012,2일이내,지능범죄,390
사기,2012,3일이내,지능범죄,279
사기,2012,10일이내,지능범죄,2602
사기,2012,1개월이내,지능범죄,12885
사기,2012,3개월이내,지능범죄,27368
사기,2012,6개월이내,지능범죄,19822
사기,2012,1년이내,지능범죄,25527
사기,2012,1년초과,지능범죄,58901
사기,2012,미상,지능범죄,6
횡령,2012,1일이내,지능범죄,728
횡령,2012,2일이내,지능범죄,124
횡령,2012,3일이내,지능범죄,88
횡령,2012,10일이내,지능범죄,599
횡령,2012,1개월이내,지능범죄,1472
횡령,2012,3개월이내,지능범죄,3195
횡령,2012,6개월이내,지능범죄,2880
횡령,2012,1년이내,지능범죄,3550
횡령,2012,1년초과,지능범죄,9286
횡령,2012,미상,지능범죄,1
배임,2012,1일이내,지능범죄,1
배임,2012,2일이내,지능범죄,1
배임,2012,3일이내,지능범죄,2
배임,2012,10일이내,지능범죄,6
배임,2012,1개월이내,지능범죄,66
배임,2012,3개월이내,지능범죄,311
배임,2012,6개월이내,지능범죄,400
배임,2012,1년이내,지능범죄,691
배임,2012,1년초과,지능범죄,2182
배임,2012,미상,지능범죄,1
성풍속범죄,2012,1일이내,풍속범죄,3299
성풍속범죄,2012,2일이내,풍속범죄,140
성풍속범죄,2012,3일이내,풍속범죄,135
성풍속범죄,2012,10일이내,풍속범죄,1156
성풍속범죄,2012,1개월이내,풍속범죄,3128
성풍속범죄,2012,3개월이내,풍속범죄,3201
성풍속범죄,2012,6개월이내,풍속범죄,1122
성풍속범죄,2012,1년이내,풍속범죄,664
성풍속범죄,2012,1년초과,풍속범죄,581
도박범죄,2012,1일이내,풍속범죄,5078
도박범죄,2012,2일이내,풍속범죄,116
도박범죄,2012,3일이내,풍속범죄,119
도박범죄,2012,10일이내,풍속범죄,673
도박범죄,2012,1개월이내,풍속범죄,854
도박범죄,2012,3개월이내,풍속범죄,844
도박범죄,2012,6개월이내,풍속범죄,556
도박범죄,2012,1년이내,풍속범죄,655
도박범죄,2012,1년초과,풍속범죄,781
특별경제범죄,2012,1일이내,특별경제범죄,12688
특별경제범죄,2012,2일이내,특별경제범죄,276
특별경제범죄,2012,3일이내,특별경제범죄,253
특별경제범죄,2012,10일이내,특별경제범죄,2103
특별경제범죄,2012,1개월이내,특별경제범죄,6165
특별경제범죄,2012,3개월이내,특별경제범죄,13658
특별경제범죄,2012,6개월이내,특별경제범죄,8861
특별경제범죄,2012,1년이내,특별경제범죄,5344
특별경제범죄,2012,1년초과,특별경제범죄,9842
특별경제범죄,2012,미상,특별경제범죄,2
마약범죄,2012,1일이내,마약범죄,624
마약범죄,2012,2일이내,마약범죄,110
마약범죄,2012,3일이내,마약범죄,117
마약범죄,2012,10일이내,마약범죄,258
마약범죄,2012,1개월이내,마약범죄,478
마약범죄,2012,3개월이내,마약범죄,860
마약범죄,2012,6개월이내,마약범죄,628
마약범죄,2012,1년이내,마약범죄,524
마약범죄,2012,1년초과,마약범죄,448
마약범죄,2012,미상,마약범죄,1
보건범죄,2012,1일이내,보건범죄,1981
보건범죄,2012,2일이내,보건범죄,143
보건범죄,2012,3일이내,보건범죄,146
보건범죄,2012,10일이내,보건범죄,1440
보건범죄,2012,1개월이내,보건범죄,3616
보건범죄,2012,3개월이내,보건범죄,4439
보건범죄,2012,6개월이내,보건범죄,1348
보건범죄,2012,1년이내,보건범죄,1155
보건범죄,2012,1년초과,보건범죄,2260
보건범죄,2012,미상,보건범죄,1
환경범죄,2012,1일이내,환경범죄,351
환경범죄,2012,2일이내,환경범죄,32
환경범죄,2012,3일이내,환경범죄,26
환경범죄,2012,10일이내,환경범죄,251
환경범죄,2012,1개월이내,환경범죄,749
환경범죄,2012,3개월이내,환경범죄,780
환경범죄,2012,6개월이내,환경범죄,238
환경범죄,2012,1년이내,환경범죄,154
환경범죄,2012,1년초과,환경범죄,469
교통범죄,2012,1일이내,교통범죄,369534
교통범죄,2012,2일이내,교통범죄,16606
교통범죄,2012,3일이내,교통범죄,15990
교통범죄,2012,10일이내,교통범죄,48266
교통범죄,2012,1개월이내,교통범죄,31746
교통범죄,2012,3개월이내,교통범죄,11990
교통범죄,2012,6개월이내,교통범죄,2034
교통범죄,2012,1년이내,교통범죄,1078
교통범죄,2012,1년초과,교통범죄,992
교통범죄,2012,미상,교통범죄,17
노동범죄,2012,1일이내,노동범죄,228
노동범죄,2012,2일이내,노동범죄,11
노동범죄,2012,3일이내,노동범죄,9
노동범죄,2012,10일이내,노동범죄,46
노동범죄,2012,1개월이내,노동범죄,117
노동범죄,2012,3개월이내,노동범죄,176
노동범죄,2012,6개월이내,노동범죄,124
노동범죄,2012,1년이내,노동범죄,116
노동범죄,2012,1년초과,노동범죄,457
안보범죄,2012,1일이내,안보범죄,9
안보범죄,2012,2일이내,안보범죄,1
안보범죄,2012,3일이내,안보범죄,0
안보범죄,2012,10일이내,안보범죄,1
안보범죄,2012,1개월이내,안보범죄,4
안보범죄,2012,3개월이내,안보범죄,9
안보범죄,2012,6개월이내,안보범죄,8
안보범죄,2012,1년이내,안보범죄,11
안보범죄,2012,1년초과,안보범죄,64
선거범죄,2012,1일이내,선거범죄,129
선거범죄,2012,2일이내,선거범죄,14
선거범죄,2012,3일이내,선거범죄,13
선거범죄,2012,10일이내,선거범죄,99
선거범죄,2012,1개월이내,선거범죄,242
선거범죄,2012,3개월이내,선거범죄,424
선거범죄,2012,6개월이내,선거범죄,162
선거범죄,2012,1년이내,선거범죄,36
선거범죄,2012,1년초과,선거범죄,21
병역범죄,2012,1일이내,병역범죄,56
병역범죄,2012,2일이내,병역범죄,52
병역범죄,2012,3일이내,병역범죄,52
병역범죄,2012,10일이내,병역범죄,423
병역범죄,2012,1개월이내,병역범죄,3073
병역범죄,2012,3개월이내,병역범죄,8111
병역범죄,2012,6개월이내,병역범죄,2205
병역범죄,2012,1년이내,병역범죄,1850
병역범죄,2012,1년초과,병역범죄,2467
병역범죄,2012,미상,병역범죄,1
기타범죄,2012,1일이내,기타범죄,43735
기타범죄,2012,2일이내,기타범죄,1608
기타범죄,2012,3일이내,기타범죄,1600
기타범죄,2012,10일이내,기타범죄,10778
기타범죄,2012,1개월이내,기타범죄,22984
기타범죄,2012,3개월이내,기타범죄,30943
기타범죄,2012,6개월이내,기타범죄,15565
기타범죄,2012,1년이내,기타범죄,14009
기타범죄,2012,1년초과,기타범죄,19556
기타범죄,2012,미상,기타범죄,5
살인기수,2013,1일이내,강력범죄,195
살인기수,2013,2일이내,강력범죄,14
살인기수,2013,3일이내,강력범죄,9
살인기수,2013,10일이내,강력범죄,38
살인기수,2013,1개월이내,강력범죄,20
살인기수,2013,3개월이내,강력범죄,22
살인기수,2013,6개월이내,강력범죄,8
살인기수,2013,1년이내,강력범죄,9
살인기수,2013,1년초과,강력범죄,19
살인미수등,2013,1일이내,강력범죄,425
살인미수등,2013,2일이내,강력범죄,15
살인미수등,2013,3일이내,강력범죄,6
살인미수등,2013,10일이내,강력범죄,29
살인미수등,2013,1개월이내,강력범죄,27
살인미수등,2013,3개월이내,강력범죄,30
살인미수등,2013,6개월이내,강력범죄,13
살인미수등,2013,1년이내,강력범죄,14
살인미수등,2013,1년초과,강력범죄,20
강도,2013,1일이내,강력범죄,596
강도,2013,2일이내,강력범죄,81
강도,2013,3일이내,강력범죄,60
강도,2013,10일이내,강력범죄,266
강도,2013,1개월이내,강력범죄,276
강도,2013,3개월이내,강력범죄,238
강도,2013,6개월이내,강력범죄,98
강도,2013,1년이내,강력범죄,76
강도,2013,1년초과,강력범죄,166
강도,2013,미상,강력범죄,0
강간·강제추행,2013,1일이내,강력범죄,0
강간·강제추행,2013,2일이내,강력범죄,0
강간·강제추행,2013,3일이내,강력범죄,0
강간·강제추행,2013,10일이내,강력범죄,0
강간·강제추행,2013,1개월이내,강력범죄,0
강간·강제추행,2013,3개월이내,강력범죄,0
강간·강제추행,2013,6개월이내,강력범죄,0
강간·강제추행,2013,1년이내,강력범죄,0
강간·강제추행,2013,1년초과,강력범죄,0
강간,2013,1일이내,강력범죄,1319
강간,2013,2일이내,강력범죄,138
강간,2013,3일이내,강력범죄,135
강간,2013,10일이내,강력범죄,697
강간,2013,1개월이내,강력범죄,928
강간,2013,3개월이내,강력범죄,982
강간,2013,6개월이내,강력범죄,470
강간,2013,1년이내,강력범죄,356
강간,2013,1년초과,강력범죄,456
유사강간,2013,1일이내,강력범죄,30
유사강간,2013,2일이내,강력범죄,0
유사강간,2013,3일이내,강력범죄,6
유사강간,2013,10일이내,강력범죄,14
유사강간,2013,1개월이내,강력범죄,23
유사강간,2013,3개월이내,강력범죄,24
유사강간,2013,6개월이내,강력범죄,10
유사강간,2013,1년이내,강력범죄,6
유사강간,2013,1년초과,강력범죄,9
강제추행,2013,1일이내,강력범죄,6052
강제추행,2013,2일이내,강력범죄,243
강제추행,2013,3일이내,강력범죄,274
강제추행,2013,10일이내,강력범죄,1324
강제추행,2013,1개월이내,강력범죄,1804
강제추행,2013,3개월이내,강력범죄,1478
강제추행,2013,6개월이내,강력범죄,609
강제추행,2013,1년이내,강력범죄,363
강제추행,2013,1년초과,강력범죄,378
기타 강간·강제추행등,2013,1일이내,강력범죄,369
기타 강간·강제추행등,2013,2일이내,강력범죄,39
기타 강간·강제추행등,2013,3일이내,강력범죄,39
기타 강간·강제추행등,2013,10일이내,강력범죄,190
기타 강간·강제추행등,2013,1개월이내,강력범죄,268
기타 강간·강제추행등,2013,3개월이내,강력범죄,242
기타 강간·강제추행등,2013,6개월이내,강력범죄,139
기타 강간·강제추행등,2013,1년이내,강력범죄,103
기타 강간·강제추행등,2013,1년초과,강력범죄,257
방화,2013,1일이내,강력범죄,834
방화,2013,2일이내,강력범죄,54
방화,2013,3일이내,강력범죄,24
방화,2013,10일이내,강력범죄,115
방화,2013,1개월이내,강력범죄,116
방화,2013,3개월이내,강력범죄,119
방화,2013,6개월이내,강력범죄,63
방화,2013,1년이내,강력범죄,31
방화,2013,1년초과,강력범죄,37
절도범죄,2013,1일이내,절도범죄,24272
절도범죄,2013,2일이내,절도범죄,3336
절도범죄,2013,3일이내,절도범죄,2987
절도범죄,2013,10일이내,절도범죄,15685
절도범죄,2013,1개월이내,절도범죄,24777
절도범죄,2013,3개월이내,절도범죄,24356
절도범죄,2013,6개월이내,절도범죄,10347
절도범죄,2013,1년이내,절도범죄,6547
절도범죄,2013,1년초과,절도범죄,6271
절도범죄,2013,미상,절도범죄,0
상해,2013,1일이내,폭력범죄,22799
상해,2013,2일이내,폭력범죄,1191
상해,2013,3일이내,폭력범죄,1612
상해,2013,10일이내,폭력범죄,7952
상해,2013,1개월이내,폭력범죄,9872
상해,2013,3개월이내,폭력범죄,6129
상해,2013,6개월이내,폭력범죄,1460
상해,2013,1년이내,폭력범죄,823
상해,2013,1년초과,폭력범죄,1070
상해,2013,미상,폭력범죄,0
폭행,2013,1일이내,폭력범죄,80778
폭행,2013,2일이내,폭력범죄,2226
폭행,2013,3일이내,폭력범죄,3113
폭행,2013,10일이내,폭력범죄,11825
폭행,2013,1개월이내,폭력범죄,11154
폭행,2013,3개월이내,폭력범죄,6263
폭행,2013,6개월이내,폭력범죄,1403
폭행,2013,1년이내,폭력범죄,717
폭행,2013,1년초과,폭력범죄,805
폭행,2013,미상,폭력범죄,0
체포·감금,2013,1일이내,폭력범죄,342
체포·감금,2013,2일이내,폭력범죄,13
체포·감금,2013,3일이내,폭력범죄,17
체포·감금,2013,10일이내,폭력범죄,68
체포·감금,2013,1개월이내,폭력범죄,103
체포·감금,2013,3개월이내,폭력범죄,136
체포·감금,2013,6개월이내,폭력범죄,55
체포·감금,2013,1년이내,폭력범죄,38
체포·감금,2013,1년초과,폭력범죄,62
협박,2013,1일이내,폭력범죄,1056
협박,2013,2일이내,폭력범죄,40
협박,2013,3일이내,폭력범죄,63
협박,2013,10일이내,폭력범죄,399
협박,2013,1개월이내,폭력범죄,736
협박,2013,3개월이내,폭력범죄,848
협박,2013,6개월이내,폭력범죄,360
협박,2013,1년이내,폭력범죄,261
협박,2013,1년초과,폭력범죄,250
약취·유인,2013,1일이내,폭력범죄,56
약취·유인,2013,2일이내,폭력범죄,3
약취·유인,2013,3일이내,폭력범죄,1
약취·유인,2013,10일이내,폭력범죄,15
약취·유인,2013,1개월이내,폭력범죄,26
약취·유인,2013,3개월이내,폭력범죄,29
약취·유인,2013,6개월이내,폭력범죄,7
약취·유인,2013,1년이내,폭력범죄,9
약취·유인,2013,1년초과,폭력범죄,8
폭력행위등,2013,1일이내,폭력범죄,20781
폭력행위등,2013,2일이내,폭력범죄,722
폭력행위등,2013,3일이내,폭력범죄,829
폭력행위등,2013,10일이내,폭력범죄,3894
폭력행위등,2013,1개월이내,폭력범죄,4889
폭력행위등,2013,3개월이내,폭력범죄,3559
폭력행위등,2013,6개월이내,폭력범죄,1174
폭력행위등,2013,1년이내,폭력범죄,715
폭력행위등,2013,1년초과,폭력범죄,1109
폭력행위등,2013,미상,폭력범죄,0
공갈,2013,1일이내,폭력범죄,309
공갈,2013,2일이내,폭력범죄,32
공갈,2013,3일이내,폭력범죄,28
공갈,2013,10일이내,폭력범죄,176
공갈,2013,1개월이내,폭력범죄,414
공갈,2013,3개월이내,폭력범죄,652
공갈,2013,6개월이내,폭력범죄,464
공갈,2013,1년이내,폭력범죄,307
공갈,2013,1년초과,폭력범죄,473
손괴,2013,1일이내,폭력범죄,13510
손괴,2013,2일이내,폭력범죄,419
손괴,2013,3일이내,폭력범죄,526
손괴,2013,10일이내,폭력범죄,2855
손괴,2013,1개월이내,폭력범죄,3969
손괴,2013,3개월이내,폭력범죄,3270
손괴,2013,6개월이내,폭력범죄,994
손괴,2013,1년이내,폭력범죄,555
손괴,2013,1년초과,폭력범죄,620
손괴,2013,미상,폭력범죄,0
직무유기,2013,1일이내,지능범죄,1
직무유기,2013,2일이내,지능범죄,0
직무유기,2013,3일이내,지능범죄,0
직무유기,2013,10일이내,지능범죄,4
직무유기,2013,1개월이내,지능범죄,26
직무유기,2013,3개월이내,지능범죄,70
직무유기,2013,6개월이내,지능범죄,64
직무유기,2013,1년이내,지능범죄,59
직무유기,2013,1년초과,지능범죄,135
직권남용,2013,1일이내,지능범죄,2
직권남용,2013,2일이내,지능범죄,0
직권남용,2013,3일이내,지능범죄,2
직권남용,2013,10일이내,지능범죄,5
직권남용,2013,1개월이내,지능범죄,29
직권남용,2013,3개월이내,지능범죄,63
직권남용,2013,6개월이내,지능범죄,29
직권남용,2013,1년이내,지능범죄,29
직권남용,2013,1년초과,지능범죄,72
증수뢰,2013,1일이내,지능범죄,6
증수뢰,2013,2일이내,지능범죄,0
증수뢰,2013,3일이내,지능범죄,0
증수뢰,2013,10일이내,지능범죄,2
증수뢰,2013,1개월이내,지능범죄,6
증수뢰,2013,3개월이내,지능범죄,26
증수뢰,2013,6개월이내,지능범죄,20
증수뢰,2013,1년이내,지능범죄,40
증수뢰,2013,1년초과,지능범죄,134
통화,2013,1일이내,지능범죄,29
통화,2013,2일이내,지능범죄,6
통화,2013,3일이내,지능범죄,6
통화,2013,10일이내,지능범죄,31
통화,2013,1개월이내,지능범죄,41
통화,2013,3개월이내,지능범죄,48
통화,2013,6개월이내,지능범죄,14
통화,2013,1년이내,지능범죄,5
통화,2013,1년초과,지능범죄,18
문서·인장,2013,1일이내,지능범죄,777
문서·인장,2013,2일이내,지능범죄,45
문서·인장,2013,3일이내,지능범죄,46
문서·인장,2013,10일이내,지능범죄,304
문서·인장,2013,1개월이내,지능범죄,950
문서·인장,2013,3개월이내,지능범죄,1748
문서·인장,2013,6개월이내,지능범죄,1295
문서·인장,2013,1년이내,지능범죄,1794
문서·인장,2013,1년초과,지능범죄,5079
유가증권인지,2013,1일이내,지능범죄,8
유가증권인지,2013,2일이내,지능범죄,1
유가증권인지,2013,3일이내,지능범죄,0
유가증권인지,2013,10일이내,지능범죄,7
유가증권인지,2013,1개월이내,지능범죄,10
유가증권인지,2013,3개월이내,지능범죄,33
유가증권인지,2013,6개월이내,지능범죄,44
유가증권인지,2013,1년이내,지능범죄,49
유가증권인지,2013,1년초과,지능범죄,160
사기,2013,1일이내,지능범죄,13247
사기,2013,2일이내,지능범죄,294
사기,2013,3일이내,지능범죄,198
사기,2013,10일이내,지능범죄,1983
사기,2013,1개월이내,지능범죄,10921
사기,2013,3개월이내,지능범죄,30317
사기,2013,6개월이내,지능범죄,22102
사기,2013,1년이내,지능범죄,25364
사기,2013,1년초과,지능범죄,61561
사기,2013,미상,지능범죄,0
횡령,2013,1일이내,지능범죄,992
횡령,2013,2일이내,지능범죄,176
횡령,2013,3일이내,지능범죄,158
횡령,2013,10일이내,지능범죄,871
횡령,2013,1개월이내,지능범죄,1840
횡령,2013,3개월이내,지능범죄,3977
횡령,2013,6개월이내,지능범죄,3354
횡령,2013,1년이내,지능범죄,3680
횡령,2013,1년초과,지능범죄,8660
횡령,2013,미상,지능범죄,0
배임,2013,1일이내,지능범죄,0
배임,2013,2일이내,지능범죄,3
배임,2013,3일이내,지능범죄,0
배임,2013,10일이내,지능범죄,14
배임,2013,1개월이내,지능범죄,72
배임,2013,3개월이내,지능범죄,416
배임,2013,6개월이내,지능범죄,429
배임,2013,1년이내,지능범죄,647
배임,2013,1년초과,지능범죄,2460
배임,2013,미상,지능범죄,0
성풍속범죄,2013,1일이내,풍속범죄,3626
성풍속범죄,2013,2일이내,풍속범죄,206
성풍속범죄,2013,3일이내,풍속범죄,210
성풍속범죄,2013,10일이내,풍속범죄,1712
성풍속범죄,2013,1개월이내,풍속범죄,3672
성풍속범죄,2013,3개월이내,풍속범죄,4448
성풍속범죄,2013,6개월이내,풍속범죄,1665
성풍속범죄,2013,1년이내,풍속범죄,919
성풍속범죄,2013,1년초과,풍속범죄,883
도박범죄,2013,1일이내,풍속범죄,4145
도박범죄,2013,2일이내,풍속범죄,85
도박범죄,2013,3일이내,풍속범죄,84
도박범죄,2013,10일이내,풍속범죄,538
도박범죄,2013,1개월이내,풍속범죄,614
도박범죄,2013,3개월이내,풍속범죄,558
도박범죄,2013,6개월이내,풍속범죄,290
도박범죄,2013,1년이내,풍속범죄,318
도박범죄,2013,1년초과,풍속범죄,1236
특별경제범죄,2013,1일이내,특별경제범죄,12948
특별경제범죄,2013,2일이내,특별경제범죄,207
특별경제범죄,2013,3일이내,특별경제범죄,237
특별경제범죄,2013,10일이내,특별경제범죄,1703
특별경제범죄,2013,1개월이내,특별경제범죄,4967
특별경제범죄,2013,3개월이내,특별경제범죄,11783
특별경제범죄,2013,6개월이내,특별경제범죄,7975
특별경제범죄,2013,1년이내,특별경제범죄,5059
특별경제범죄,2013,1년초과,특별경제범죄,7810
특별경제범죄,2013,미상,특별경제범죄,0
마약범죄,2013,1일이내,마약범죄,714
마약범죄,2013,2일이내,마약범죄,102
마약범죄,2013,3일이내,마약범죄,82
마약범죄,2013,10일이내,마약범죄,261
마약범죄,2013,1개월이내,마약범죄,510
마약범죄,2013,3개월이내,마약범죄,999
마약범죄,2013,6개월이내,마약범죄,725
마약범죄,2013,1년이내,마약범죄,542
마약범죄,2013,1년초과,마약범죄,494
마약범죄,2013,미상,마약범죄,0
보건범죄,2013,1일이내,보건범죄,2505
보건범죄,2013,2일이내,보건범죄,509
보건범죄,2013,3일이내,보건범죄,490
보건범죄,2013,10일이내,보건범죄,1930
보건범죄,2013,1개월이내,보건범죄,5314
보건범죄,2013,3개월이내,보건범죄,3707
보건범죄,2013,6개월이내,보건범죄,2160
보건범죄,2013,1년이내,보건범죄,1306
보건범죄,2013,1년초과,보건범죄,2179
보건범죄,2013,미상,보건범죄,0
환경범죄,2013,1일이내,환경범죄,369
환경범죄,2013,2일이내,환경범죄,32
환경범죄,2013,3일이내,환경범죄,26
환경범죄,2013,10일이내,환경범죄,269
환경범죄,2013,1개월이내,환경범죄,816
환경범죄,2013,3개월이내,환경범죄,1527
환경범죄,2013,6개월이내,환경범죄,392
환경범죄,2013,1년이내,환경범죄,422
환경범죄,2013,1년초과,환경범죄,199
교통범죄,2013,1일이내,교통범죄,374092
교통범죄,2013,2일이내,교통범죄,17095
교통범죄,2013,3일이내,교통범죄,17409
교통범죄,2013,10일이내,교통범죄,54978
교통범죄,2013,1개월이내,교통범죄,35983
교통범죄,2013,3개월이내,교통범죄,13193
교통범죄,2013,6개월이내,교통범죄,2201
교통범죄,2013,1년이내,교통범죄,1253
교통범죄,2013,1년초과,교통범죄,6748
교통범죄,2013,미상,교통범죄,0
노동범죄,2013,1일이내,노동범죄,240
노동범죄,2013,2일이내,노동범죄,15
노동범죄,2013,3일이내,노동범죄,8
노동범죄,2013,10일이내,노동범죄,65
노동범죄,2013,1개월이내,노동범죄,123
노동범죄,2013,3개월이내,노동범죄,219
노동범죄,2013,6개월이내,노동범죄,231
노동범죄,2013,1년이내,노동범죄,237
노동범죄,2013,1년초과,노동범죄,548
안보범죄,2013,1일이내,안보범죄,7
안보범죄,2013,2일이내,안보범죄,1
안보범죄,2013,3일이내,안보범죄,0
안보범죄,2013,10일이내,안보범죄,1
안보범죄,2013,1개월이내,안보범죄,5
안보범죄,2013,3개월이내,안보범죄,12
안보범죄,2013,6개월이내,안보범죄,10
안보범죄,2013,1년이내,안보범죄,12
안보범죄,2013,1년초과,안보범죄,69
선거범죄,2013,1일이내,선거범죄,18
선거범죄,2013,2일이내,선거범죄,3
선거범죄,2013,3일이내,선거범죄,1
선거범죄,2013,10일이내,선거범죄,12
선거범죄,2013,1개월이내,선거범죄,59
선거범죄,2013,3개월이내,선거범죄,98
선거범죄,2013,6개월이내,선거범죄,37
선거범죄,2013,1년이내,선거범죄,12
선거범죄,2013,1년초과,선거범죄,10
병역범죄,2013,1일이내,병역범죄,50
병역범죄,2013,2일이내,병역범죄,56
병역범죄,2013,3일이내,병역범죄,49
병역범죄,2013,10일이내,병역범죄,505
병역범죄,2013,1개월이내,병역범죄,3688
병역범죄,2013,3개월이내,병역범죄,9619
병역범죄,2013,6개월이내,병역범죄,2601
병역범죄,2013,1년이내,병역범죄,2408
병역범죄,2013,1년초과,병역범죄,3537
병역범죄,2013,미상,병역범죄,0
기타범죄,2013,1일이내,기타범죄,43082
기타범죄,2013,2일이내,기타범죄,1607
기타범죄,2013,3일이내,기타범죄,1860
기타범죄,2013,10일이내,기타범죄,11207
기타범죄,2013,1개월이내,기타범죄,22520
기타범죄,2013,3개월이내,기타범죄,31386
기타범죄,2013,6개월이내,기타범죄,17311
기타범죄,2013,1년이내,기타범죄,15353
기타범죄,2013,1년초과,기타범죄,29274
기타범죄,2013,미상,기타범죄,0
살인기수,2014,1일이내,강력범죄,213
살인기수,2014,2일이내,강력범죄,18
살인기수,2014,3일이내,강력범죄,14
살인기수,2014,10일이내,강력범죄,31
살인기수,2014,1개월이내,강력범죄,28
살인기수,2014,3개월이내,강력범죄,25
살인기수,2014,6개월이내,강력범죄,12
살인기수,2014,1년이내,강력범죄,11
살인기수,2014,1년초과,강력범죄,12
살인미수등,2014,1일이내,강력범죄,372
살인미수등,2014,2일이내,강력범죄,12
살인미수등,2014,3일이내,강력범죄,8
살인미수등,2014,10일이내,강력범죄,38
살인미수등,2014,1개월이내,강력범죄,24
살인미수등,2014,3개월이내,강력범죄,23
살인미수등,2014,6개월이내,강력범죄,15
살인미수등,2014,1년이내,강력범죄,9
살인미수등,2014,1년초과,강력범죄,36
강도,2014,1일이내,강력범죄,532
강도,2014,2일이내,강력범죄,64
강도,2014,3일이내,강력범죄,65
강도,2014,10일이내,강력범죄,228
강도,2014,1개월이내,강력범죄,239
강도,2014,3개월이내,강력범죄,198
강도,2014,6개월이내,강력범죄,65
강도,2014,1년이내,강력범죄,42
강도,2014,1년초과,강력범죄,113
강도,2014,미상,강력범죄,0
강간·강제추행,2014,1일이내,강력범죄,0
강간·강제추행,2014,2일이내,강력범죄,0
강간·강제추행,2014,3일이내,강력범죄,0
강간·강제추행,2014,10일이내,강력범죄,0
강간·강제추행,2014,1개월이내,강력범죄,0
강간·강제추행,2014,3개월이내,강력범죄,0
강간·강제추행,2014,6개월이내,강력범죄,0
강간·강제추행,2014,1년이내,강력범죄,0
강간·강제추행,2014,1년초과,강력범죄,0
강간,2014,1일이내,강력범죄,1179
강간,2014,2일이내,강력범죄,124
강간,2014,3일이내,강력범죄,104
강간,2014,10일이내,강력범죄,579
강간,2014,1개월이내,강력범죄,976
강간,2014,3개월이내,강력범죄,996
강간,2014,6개월이내,강력범죄,438
강간,2014,1년이내,강력범죄,294
강간,2014,1년초과,강력범죄,361
유사강간,2014,1일이내,강력범죄,96
유사강간,2014,2일이내,강력범죄,17
유사강간,2014,3일이내,강력범죄,9
유사강간,2014,10일이내,강력범죄,40
유사강간,2014,1개월이내,강력범죄,73
유사강간,2014,3개월이내,강력범죄,58
유사강간,2014,6개월이내,강력범죄,34
유사강간,2014,1년이내,강력범죄,19
유사강간,2014,1년초과,강력범죄,13
강제추행,2014,1일이내,강력범죄,6197
강제추행,2014,2일이내,강력범죄,261
강제추행,2014,3일이내,강력범죄,249
강제추행,2014,10일이내,강력범죄,1364
강제추행,2014,1개월이내,강력범죄,2101
강제추행,2014,3개월이내,강력범죄,1824
강제추행,2014,6개월이내,강력범죄,666
강제추행,2014,1년이내,강력범죄,480
강제추행,2014,1년초과,강력범죄,442
기타 강간·강제추행등,2014,1일이내,강력범죄,286
기타 강간·강제추행등,2014,2일이내,강력범죄,25
기타 강간·강제추행등,2014,3일이내,강력범죄,26
기타 강간·강제추행등,2014,10일이내,강력범죄,98
기타 강간·강제추행등,2014,1개월이내,강력범죄,159
기타 강간·강제추행등,2014,3개월이내,강력범죄,146
기타 강간·강제추행등,2014,6개월이내,강력범죄,71
기타 강간·강제추행등,2014,1년이내,강력범죄,48
기타 강간·강제추행등,2014,1년초과,강력범죄,178
방화,2014,1일이내,강력범죄,880
방화,2014,2일이내,강력범죄,37
방화,2014,3일이내,강력범죄,26
방화,2014,10일이내,강력범죄,117
방화,2014,1개월이내,강력범죄,144
방화,2014,3개월이내,강력범죄,136
방화,2014,6개월이내,강력범죄,53
방화,2014,1년이내,강력범죄,11
방화,2014,1년초과,강력범죄,15
절도범죄,2014,1일이내,절도범죄,22675
절도범죄,2014,2일이내,절도범죄,3369
절도범죄,2014,3일이내,절도범죄,2752
절도범죄,2014,10일이내,절도범죄,16664
절도범죄,2014,1개월이내,절도범죄,25715
절도범죄,2014,3개월이내,절도범죄,24237
절도범죄,2014,6개월이내,절도범죄,10460
절도범죄,2014,1년이내,절도범죄,6852
절도범죄,2014,1년초과,절도범죄,6742
절도범죄,2014,미상,절도범죄,1
상해,2014,1일이내,폭력범죄,19286
상해,2014,2일이내,폭력범죄,1020
상해,2014,3일이내,폭력범죄,1327
상해,2014,10일이내,폭력범죄,7538
상해,2014,1개월이내,폭력범죄,9727
상해,2014,3개월이내,폭력범죄,6001
상해,2014,6개월이내,폭력범죄,1485
상해,2014,1년이내,폭력범죄,787
상해,2014,1년초과,폭력범죄,1006
상해,2014,미상,폭력범죄,0
폭행,2014,1일이내,폭력범죄,78872
폭행,2014,2일이내,폭력범죄,2314
폭행,2014,3일이내,폭력범죄,3574
폭행,2014,10일이내,폭력범죄,13974
폭행,2014,1개월이내,폭력범죄,13587
폭행,2014,3개월이내,폭력범죄,7543
폭행,2014,6개월이내,폭력범죄,1645
폭행,2014,1년이내,폭력범죄,789
폭행,2014,1년초과,폭력범죄,794
폭행,2014,미상,폭력범죄,0
체포·감금,2014,1일이내,폭력범죄,333
체포·감금,2014,2일이내,폭력범죄,19
체포·감금,2014,3일이내,폭력범죄,18
체포·감금,2014,10일이내,폭력범죄,63
체포·감금,2014,1개월이내,폭력범죄,115
체포·감금,2014,3개월이내,폭력범죄,143
체포·감금,2014,6개월이내,폭력범죄,60
체포·감금,2014,1년이내,폭력범죄,53
체포·감금,2014,1년초과,폭력범죄,60
협박,2014,1일이내,폭력범죄,1241
협박,2014,2일이내,폭력범죄,51
협박,2014,3일이내,폭력범죄,64
협박,2014,10일이내,폭력범죄,443
협박,2014,1개월이내,폭력범죄,850
협박,2014,3개월이내,폭력범죄,984
협박,2014,6개월이내,폭력범죄,399
협박,2014,1년이내,폭력범죄,262
협박,2014,1년초과,폭력범죄,282
약취·유인,2014,1일이내,폭력범죄,47
약취·유인,2014,2일이내,폭력범죄,5
약취·유인,2014,3일이내,폭력범죄,4
약취·유인,2014,10일이내,폭력범죄,12
약취·유인,2014,1개월이내,폭력범죄,32
약취·유인,2014,3개월이내,폭력범죄,27
약취·유인,2014,6개월이내,폭력범죄,18
약취·유인,2014,1년이내,폭력범죄,6
약취·유인,2014,1년초과,폭력범죄,21
폭력행위등,2014,1일이내,폭력범죄,18401
폭력행위등,2014,2일이내,폭력범죄,579
폭력행위등,2014,3일이내,폭력범죄,767
폭력행위등,2014,10일이내,폭력범죄,3769
폭력행위등,2014,1개월이내,폭력범죄,4854
폭력행위등,2014,3개월이내,폭력범죄,3634
폭력행위등,2014,6개월이내,폭력범죄,1169
폭력행위등,2014,1년이내,폭력범죄,742
폭력행위등,2014,1년초과,폭력범죄,936
폭력행위등,2014,미상,폭력범죄,0
공갈,2014,1일이내,폭력범죄,335
공갈,2014,2일이내,폭력범죄,30
공갈,2014,3일이내,폭력범죄,28
공갈,2014,10일이내,폭력범죄,201
공갈,2014,1개월이내,폭력범죄,498
공갈,2014,3개월이내,폭력범죄,822
공갈,2014,6개월이내,폭력범죄,581
공갈,2014,1년이내,폭력범죄,443
공갈,2014,1년초과,폭력범죄,585
손괴,2014,1일이내,폭력범죄,12835
손괴,2014,2일이내,폭력범죄,367
손괴,2014,3일이내,폭력범죄,587
손괴,2014,10일이내,폭력범죄,3175
손괴,2014,1개월이내,폭력범죄,4569
손괴,2014,3개월이내,폭력범죄,3721
손괴,2014,6개월이내,폭력범죄,1109
손괴,2014,1년이내,폭력범죄,558
손괴,2014,1년초과,폭력범죄,622
손괴,2014,미상,폭력범죄,0
직무유기,2014,1일이내,지능범죄,1
직무유기,2014,2일이내,지능범죄,0
직무유기,2014,3일이내,지능범죄,0
직무유기,2014,10일이내,지능범죄,5
직무유기,2014,1개월이내,지능범죄,19
직무유기,2014,3개월이내,지능범죄,70
직무유기,2014,6개월이내,지능범죄,69
직무유기,2014,1년이내,지능범죄,59
직무유기,2014,1년초과,지능범죄,116
직권남용,2014,1일이내,지능범죄,1
직권남용,2014,2일이내,지능범죄,0
직권남용,2014,3일이내,지능범죄,0
직권남용,2014,10일이내,지능범죄,2
직권남용,2014,1개월이내,지능범죄,23
직권남용,2014,3개월이내,지능범죄,90
직권남용,2014,6개월이내,지능범죄,45
직권남용,2014,1년이내,지능범죄,34
직권남용,2014,1년초과,지능범죄,52
증수뢰,2014,1일이내,지능범죄,4
증수뢰,2014,2일이내,지능범죄,0
증수뢰,2014,3일이내,지능범죄,0
증수뢰,2014,10일이내,지능범죄,1
증수뢰,2014,1개월이내,지능범죄,7
증수뢰,2014,3개월이내,지능범죄,17
증수뢰,2014,6개월이내,지능범죄,23
증수뢰,2014,1년이내,지능범죄,39
증수뢰,2014,1년초과,지능범죄,151
통화,2014,1일이내,지능범죄,21
통화,2014,2일이내,지능범죄,5
통화,2014,3일이내,지능범죄,2
통화,2014,10일이내,지능범죄,23
통화,2014,1개월이내,지능범죄,37
통화,2014,3개월이내,지능범죄,45
통화,2014,6개월이내,지능범죄,7
통화,2014,1년이내,지능범죄,3
통화,2014,1년초과,지능범죄,11
문서·인장,2014,1일이내,지능범죄,687
문서·인장,2014,2일이내,지능범죄,29
문서·인장,2014,3일이내,지능범죄,37
문서·인장,2014,10일이내,지능범죄,270
문서·인장,2014,1개월이내,지능범죄,779
문서·인장,2014,3개월이내,지능범죄,1521
문서·인장,2014,6개월이내,지능범죄,1282
문서·인장,2014,1년이내,지능범죄,1942
문서·인장,2014,1년초과,지능범죄,4969
유가증권인지,2014,1일이내,지능범죄,13
유가증권인지,2014,2일이내,지능범죄,0
유가증권인지,2014,3일이내,지능범죄,0
유가증권인지,2014,10일이내,지능범죄,7
유가증권인지,2014,1개월이내,지능범죄,8
유가증권인지,2014,3개월이내,지능범죄,42
유가증권인지,2014,6개월이내,지능범죄,44
유가증권인지,2014,1년이내,지능범죄,50
유가증권인지,2014,1년초과,지능범죄,113
사기,2014,1일이내,지능범죄,12387
사기,2014,2일이내,지능범죄,274
사기,2014,3일이내,지능범죄,246
사기,2014,10일이내,지능범죄,2149
사기,2014,1개월이내,지능범죄,12699
사기,2014,3개월이내,지능범죄,31234
사기,2014,6개월이내,지능범죄,21854
사기,2014,1년이내,지능범죄,23877
사기,2014,1년초과,지능범죄,59869
사기,2014,미상,지능범죄,5
횡령,2014,1일이내,지능범죄,822
횡령,2014,2일이내,지능범죄,130
횡령,2014,3일이내,지능범죄,125
횡령,2014,10일이내,지능범죄,759
횡령,2014,1개월이내,지능범죄,1801
횡령,2014,3개월이내,지능범죄,3345
횡령,2014,6개월이내,지능범죄,3174
횡령,2014,1년이내,지능범죄,3490
횡령,2014,1년초과,지능범죄,9114
횡령,2014,미상,지능범죄,1
배임,2014,1일이내,지능범죄,2
배임,2014,2일이내,지능범죄,1
배임,2014,3일이내,지능범죄,1
배임,2014,10일이내,지능범죄,7
배임,2014,1개월이내,지능범죄,77
배임,2014,3개월이내,지능범죄,335
배임,2014,6개월이내,지능범죄,455
배임,2014,1년이내,지능범죄,657
배임,2014,1년초과,지능범죄,2450
배임,2014,미상,지능범죄,1
성풍속범죄,2014,1일이내,풍속범죄,4118
성풍속범죄,2014,2일이내,풍속범죄,179
성풍속범죄,2014,3일이내,풍속범죄,141
성풍속범죄,2014,10일이내,풍속범죄,900
성풍속범죄,2014,1개월이내,풍속범죄,2362
성풍속범죄,2014,3개월이내,풍속범죄,3857
성풍속범죄,2014,6개월이내,풍속범죄,1656
성풍속범죄,2014,1년이내,풍속범죄,1044
성풍속범죄,2014,1년초과,풍속범죄,769
도박범죄,2014,1일이내,풍속범죄,3570
도박범죄,2014,2일이내,풍속범죄,77
도박범죄,2014,3일이내,풍속범죄,101
도박범죄,2014,10일이내,풍속범죄,486
도박범죄,2014,1개월이내,풍속범죄,670
도박범죄,2014,3개월이내,풍속범죄,673
도박범죄,2014,6개월이내,풍속범죄,593
도박범죄,2014,1년이내,풍속범죄,973
도박범죄,2014,1년초과,풍속범죄,955
특별경제범죄,2014,1일이내,특별경제범죄,13887
특별경제범죄,2014,2일이내,특별경제범죄,203
특별경제범죄,2014,3일이내,특별경제범죄,272
특별경제범죄,2014,10일이내,특별경제범죄,1950
특별경제범죄,2014,1개월이내,특별경제범죄,5472
특별경제범죄,2014,3개월이내,특별경제범죄,12311
특별경제범죄,2014,6개월이내,특별경제범죄,6840
특별경제범죄,2014,1년이내,특별경제범죄,4459
특별경제범죄,2014,1년초과,특별경제범죄,7260
특별경제범죄,2014,미상,특별경제범죄,4
마약범죄,2014,1일이내,마약범죄,726
마약범죄,2014,2일이내,마약범죄,117
마약범죄,2014,3일이내,마약범죄,75
마약범죄,2014,10일이내,마약범죄,280
마약범죄,2014,1개월이내,마약범죄,546
마약범죄,2014,3개월이내,마약범죄,1039
마약범죄,2014,6개월이내,마약범죄,699
마약범죄,2014,1년이내,마약범죄,585
마약범죄,2014,1년초과,마약범죄,500
마약범죄,2014,미상,마약범죄,0
보건범죄,2014,1일이내,보건범죄,1813
보건범죄,2014,2일이내,보건범죄,197
보건범죄,2014,3일이내,보건범죄,203
보건범죄,2014,10일이내,보건범죄,1572
보건범죄,2014,1개월이내,보건범죄,3441
보건범죄,2014,3개월이내,보건범죄,3658
보건범죄,2014,6개월이내,보건범죄,1392
보건범죄,2014,1년이내,보건범죄,825
보건범죄,2014,1년초과,보건범죄,1336
보건범죄,2014,미상,보건범죄,0
환경범죄,2014,1일이내,환경범죄,190
환경범죄,2014,2일이내,환경범죄,18
환경범죄,2014,3일이내,환경범죄,20
환경범죄,2014,10일이내,환경범죄,194
환경범죄,2014,1개월이내,환경범죄,749
환경범죄,2014,3개월이내,환경범죄,722
환경범죄,2014,6개월이내,환경범죄,211
환경범죄,2014,1년이내,환경범죄,125
환경범죄,2014,1년초과,환경범죄,233
교통범죄,2014,1일이내,교통범죄,356229
교통범죄,2014,2일이내,교통범죄,17676
교통범죄,2014,3일이내,교통범죄,18349
교통범죄,2014,10일이내,교통범죄,60604
교통범죄,2014,1개월이내,교통범죄,41592
교통범죄,2014,3개월이내,교통범죄,15180
교통범죄,2014,6개월이내,교통범죄,2532
교통범죄,2014,1년이내,교통범죄,1378
교통범죄,2014,1년초과,교통범죄,5348
교통범죄,2014,미상,교통범죄,9
노동범죄,2014,1일이내,노동범죄,168
노동범죄,2014,2일이내,노동범죄,10
노동범죄,2014,3일이내,노동범죄,3
노동범죄,2014,10일이내,노동범죄,129
노동범죄,2014,1개월이내,노동범죄,100
노동범죄,2014,3개월이내,노동범죄,140
노동범죄,2014,6개월이내,노동범죄,417
노동범죄,2014,1년이내,노동범죄,117
노동범죄,2014,1년초과,노동범죄,199
안보범죄,2014,1일이내,안보범죄,6
안보범죄,2014,2일이내,안보범죄,0
안보범죄,2014,3일이내,안보범죄,0
안보범죄,2014,10일이내,안보범죄,2
안보범죄,2014,1개월이내,안보범죄,3
안보범죄,2014,3개월이내,안보범죄,8
안보범죄,2014,6개월이내,안보범죄,9
안보범죄,2014,1년이내,안보범죄,5
안보범죄,2014,1년초과,안보범죄,43
선거범죄,2014,1일이내,선거범죄,117
선거범죄,2014,2일이내,선거범죄,19
선거범죄,2014,3일이내,선거범죄,16
선거범죄,2014,10일이내,선거범죄,101
선거범죄,2014,1개월이내,선거범죄,434
선거범죄,2014,3개월이내,선거범죄,657
선거범죄,2014,6개월이내,선거범죄,263
선거범죄,2014,1년이내,선거범죄,72
선거범죄,2014,1년초과,선거범죄,45
병역범죄,2014,1일이내,병역범죄,26
병역범죄,2014,2일이내,병역범죄,27
병역범죄,2014,3일이내,병역범죄,36
병역범죄,2014,10일이내,병역범죄,306
병역범죄,2014,1개월이내,병역범죄,2978
병역범죄,2014,3개월이내,병역범죄,7501
병역범죄,2014,6개월이내,병역범죄,2689
병역범죄,2014,1년이내,병역범죄,2120
병역범죄,2014,1년초과,병역범죄,3029
병역범죄,2014,미상,병역범죄,0
기타범죄,2014,1일이내,기타범죄,45473
기타범죄,2014,2일이내,기타범죄,1362
기타범죄,2014,3일이내,기타범죄,1603
기타범죄,2014,10일이내,기타범죄,11391
기타범죄,2014,1개월이내,기타범죄,23601
기타범죄,2014,3개월이내,기타범죄,31060
기타범죄,2014,6개월이내,기타범죄,15796
기타범죄,2014,1년이내,기타범죄,12775
기타범죄,2014,1년초과,기타범죄,20830
기타범죄,2014,미상,기타범죄,3
살인기수,2015,1일이내,강력범죄,220
살인기수,2015,2일이내,강력범죄,13
살인기수,2015,3일이내,강력범죄,15
살인기수,2015,10일이내,강력범죄,35
살인기수,2015,1개월이내,강력범죄,22
살인기수,2015,3개월이내,강력범죄,16
살인기수,2015,6개월이내,강력범죄,8
살인기수,2015,1년이내,강력범죄,5
살인기수,2015,1년초과,강력범죄,23
살인미수등,2015,1일이내,강력범죄,408
살인미수등,2015,2일이내,강력범죄,10
살인미수등,2015,3일이내,강력범죄,7
살인미수등,2015,10일이내,강력범죄,31
살인미수등,2015,1개월이내,강력범죄,27
살인미수등,2015,3개월이내,강력범죄,24
살인미수등,2015,6개월이내,강력범죄,9
살인미수등,2015,1년이내,강력범죄,11
살인미수등,2015,1년초과,강력범죄,25
강도,2015,1일이내,강력범죄,510
강도,2015,2일이내,강력범죄,62
강도,2015,3일이내,강력범죄,44
강도,2015,10일이내,강력범죄,256
강도,2015,1개월이내,강력범죄,206
강도,2015,3개월이내,강력범죄,149
강도,2015,6개월이내,강력범죄,77
강도,2015,1년이내,강력범죄,40
강도,2015,1년초과,강력범죄,113
강도,2015,미상,강력범죄,0
강간·강제추행,2015,1일이내,강력범죄,0
강간·강제추행,2015,2일이내,강력범죄,0
강간·강제추행,2015,3일이내,강력범죄,0
강간·강제추행,2015,10일이내,강력범죄,0
강간·강제추행,2015,1개월이내,강력범죄,0
강간·강제추행,2015,3개월이내,강력범죄,0
강간·강제추행,2015,6개월이내,강력범죄,0
강간·강제추행,2015,1년이내,강력범죄,0
강간·강제추행,2015,1년초과,강력범죄,0
강간,2015,1일이내,강력범죄,1231
강간,2015,2일이내,강력범죄,101
강간,2015,3일이내,강력범죄,83
강간,2015,10일이내,강력범죄,550
강간,2015,1개월이내,강력범죄,1002
강간,2015,3개월이내,강력범죄,972
강간,2015,6개월이내,강력범죄,409
강간,2015,1년이내,강력범죄,344
강간,2015,1년초과,강력범죄,409
유사강간,2015,1일이내,강력범죄,138
유사강간,2015,2일이내,강력범죄,10
유사강간,2015,3일이내,강력범죄,12
유사강간,2015,10일이내,강력범죄,58
유사강간,2015,1개월이내,강력범죄,118
유사강간,2015,3개월이내,강력범죄,77
유사강간,2015,6개월이내,강력범죄,36
유사강간,2015,1년이내,강력범죄,30
유사강간,2015,1년초과,강력범죄,35
강제추행,2015,1일이내,강력범죄,6450
강제추행,2015,2일이내,강력범죄,238
강제추행,2015,3일이내,강력범죄,256
강제추행,2015,10일이내,강력범죄,1460
강제추행,2015,1개월이내,강력범죄,2400
강제추행,2015,3개월이내,강력범죄,1897
강제추행,2015,6개월이내,강력범죄,694
강제추행,2015,1년이내,강력범죄,473
강제추행,2015,1년초과,강력범죄,487
기타 강간·강제추행등,2015,1일이내,강력범죄,148
기타 강간·강제추행등,2015,2일이내,강력범죄,11
기타 강간·강제추행등,2015,3일이내,강력범죄,11
기타 강간·강제추행등,2015,10일이내,강력범죄,56
기타 강간·강제추행등,2015,1개월이내,강력범죄,90
기타 강간·강제추행등,2015,3개월이내,강력범죄,72
기타 강간·강제추행등,2015,6개월이내,강력범죄,39
기타 강간·강제추행등,2015,1년이내,강력범죄,37
기타 강간·강제추행등,2015,1년초과,강력범죄,91
방화,2015,1일이내,강력범죄,953
방화,2015,2일이내,강력범죄,44
방화,2015,3일이내,강력범죄,28
방화,2015,10일이내,강력범죄,126
방화,2015,1개월이내,강력범죄,120
방화,2015,3개월이내,강력범죄,127
방화,2015,6개월이내,강력범죄,48
방화,2015,1년이내,강력범죄,24
방화,2015,1년초과,강력범죄,12
절도범죄,2015,1일이내,절도범죄,23333
절도범죄,2015,2일이내,절도범죄,3568
절도범죄,2015,3일이내,절도범죄,3221
절도범죄,2015,10일이내,절도범죄,18484
절도범죄,2015,1개월이내,절도범죄,29122
절도범죄,2015,3개월이내,절도범죄,25969
절도범죄,2015,6개월이내,절도범죄,10400
절도범죄,2015,1년이내,절도범죄,6451
절도범죄,2015,1년초과,절도범죄,6820
절도범죄,2015,미상,절도범죄,0
상해,2015,1일이내,폭력범죄,17693
상해,2015,2일이내,폭력범죄,1028
상해,2015,3일이내,폭력범죄,1384
상해,2015,10일이내,폭력범죄,7522
상해,2015,1개월이내,폭력범죄,9634
상해,2015,3개월이내,폭력범죄,5943
상해,2015,6개월이내,폭력범죄,1410
상해,2015,1년이내,폭력범죄,763
상해,2015,1년초과,폭력범죄,942
상해,2015,미상,폭력범죄,0
폭행,2015,1일이내,폭력범죄,85659
폭행,2015,2일이내,폭력범죄,2718
폭행,2015,3일이내,폭력범죄,4081
폭행,2015,10일이내,폭력범죄,17626
폭행,2015,1개월이내,폭력범죄,17665
폭행,2015,3개월이내,폭력범죄,9201
폭행,2015,6개월이내,폭력범죄,1822
폭행,2015,1년이내,폭력범죄,853
폭행,2015,1년초과,폭력범죄,899
폭행,2015,미상,폭력범죄,0
체포·감금,2015,1일이내,폭력범죄,396
체포·감금,2015,2일이내,폭력범죄,25
체포·감금,2015,3일이내,폭력범죄,22
체포·감금,2015,10일이내,폭력범죄,104
체포·감금,2015,1개월이내,폭력범죄,111
체포·감금,2015,3개월이내,폭력범죄,139
체포·감금,2015,6개월이내,폭력범죄,66
체포·감금,2015,1년이내,폭력범죄,39
체포·감금,2015,1년초과,폭력범죄,57
협박,2015,1일이내,폭력범죄,2869
협박,2015,2일이내,폭력범죄,119
협박,2015,3일이내,폭력범죄,159
협박,2015,10일이내,폭력범죄,906
협박,2015,1개월이내,폭력범죄,1512
협박,2015,3개월이내,폭력범죄,1521
협박,2015,6개월이내,폭력범죄,551
협박,2015,1년이내,폭력범죄,321
협박,2015,1년초과,폭력범죄,346
약취·유인,2015,1일이내,폭력범죄,51
약취·유인,2015,2일이내,폭력범죄,2
약취·유인,2015,3일이내,폭력범죄,2
약취·유인,2015,10일이내,폭력범죄,15
약취·유인,2015,1개월이내,폭력범죄,28
약취·유인,2015,3개월이내,폭력범죄,29
약취·유인,2015,6개월이내,폭력범죄,16
약취·유인,2015,1년이내,폭력범죄,13
약취·유인,2015,1년초과,폭력범죄,25
폭력행위등,2015,1일이내,폭력범죄,17244
폭력행위등,2015,2일이내,폭력범죄,569
폭력행위등,2015,3일이내,폭력범죄,661
폭력행위등,2015,10일이내,폭력범죄,3720
폭력행위등,2015,1개월이내,폭력범죄,5093
폭력행위등,2015,3개월이내,폭력범죄,3500
폭력행위등,2015,6개월이내,폭력범죄,1136
폭력행위등,2015,1년이내,폭력범죄,750
폭력행위등,2015,1년초과,폭력범죄,1107
폭력행위등,2015,미상,폭력범죄,0
공갈,2015,1일이내,폭력범죄,264
공갈,2015,2일이내,폭력범죄,18
공갈,2015,3일이내,폭력범죄,22
공갈,2015,10일이내,폭력범죄,146
공갈,2015,1개월이내,폭력범죄,358
공갈,2015,3개월이내,폭력범죄,685
공갈,2015,6개월이내,폭력범죄,473
공갈,2015,1년이내,폭력범죄,382
공갈,2015,1년초과,폭력범죄,518
손괴,2015,1일이내,폭력범죄,13062
손괴,2015,2일이내,폭력범죄,460
손괴,2015,3일이내,폭력범죄,589
손괴,2015,10일이내,폭력범죄,3634
손괴,2015,1개월이내,폭력범죄,5236
손괴,2015,3개월이내,폭력범죄,4083
손괴,2015,6개월이내,폭력범죄,1116
손괴,2015,1년이내,폭력범죄,586
손괴,2015,1년초과,폭력범죄,702
손괴,2015,미상,폭력범죄,0
직무유기,2015,1일이내,지능범죄,2
직무유기,2015,2일이내,지능범죄,0
직무유기,2015,3일이내,지능범죄,1
직무유기,2015,10일이내,지능범죄,4
직무유기,2015,1개월이내,지능범죄,17
직무유기,2015,3개월이내,지능범죄,74
직무유기,2015,6개월이내,지능범죄,67
직무유기,2015,1년이내,지능범죄,48
직무유기,2015,1년초과,지능범죄,123
직권남용,2015,1일이내,지능범죄,1
직권남용,2015,2일이내,지능범죄,0
직권남용,2015,3일이내,지능범죄,0
직권남용,2015,10일이내,지능범죄,6
직권남용,2015,1개월이내,지능범죄,22
직권남용,2015,3개월이내,지능범죄,100
직권남용,2015,6개월이내,지능범죄,40
직권남용,2015,1년이내,지능범죄,39
직권남용,2015,1년초과,지능범죄,67
증수뢰,2015,1일이내,지능범죄,8
증수뢰,2015,2일이내,지능범죄,0
증수뢰,2015,3일이내,지능범죄,0
증수뢰,2015,10일이내,지능범죄,1
증수뢰,2015,1개월이내,지능범죄,2
증수뢰,2015,3개월이내,지능범죄,16
증수뢰,2015,6개월이내,지능범죄,24
증수뢰,2015,1년이내,지능범죄,48
증수뢰,2015,1년초과,지능범죄,130
통화,2015,1일이내,지능범죄,40
통화,2015,2일이내,지능범죄,5
통화,2015,3일이내,지능범죄,3
통화,2015,10일이내,지능범죄,35
통화,2015,1개월이내,지능범죄,42
통화,2015,3개월이내,지능범죄,29
통화,2015,6개월이내,지능범죄,14
통화,2015,1년이내,지능범죄,3
통화,2015,1년초과,지능범죄,3
문서·인장,2015,1일이내,지능범죄,766
문서·인장,2015,2일이내,지능범죄,30
문서·인장,2015,3일이내,지능범죄,41
문서·인장,2015,10일이내,지능범죄,308
문서·인장,2015,1개월이내,지능범죄,815
문서·인장,2015,3개월이내,지능범죄,1514
문서·인장,2015,6개월이내,지능범죄,1299
문서·인장,2015,1년이내,지능범죄,1867
문서·인장,2015,1년초과,지능범죄,5576
유가증권인지,2015,1일이내,지능범죄,11
유가증권인지,2015,2일이내,지능범죄,2
유가증권인지,2015,3일이내,지능범죄,2
유가증권인지,2015,10일이내,지능범죄,0
유가증권인지,2015,1개월이내,지능범죄,8
유가증권인지,2015,3개월이내,지능범죄,24
유가증권인지,2015,6개월이내,지능범죄,21
유가증권인지,2015,1년이내,지능범죄,33
유가증권인지,2015,1년초과,지능범죄,132
사기,2015,1일이내,지능범죄,12198
사기,2015,2일이내,지능범죄,325
사기,2015,3일이내,지능범죄,338
사기,2015,10일이내,지능범죄,2761
사기,2015,1개월이내,지능범죄,16511
사기,2015,3개월이내,지능범죄,40458
사기,2015,6개월이내,지능범죄,27355
사기,2015,1년이내,지능범죄,26650
사기,2015,1년초과,지능범죄,66098
사기,2015,미상,지능범죄,0
횡령,2015,1일이내,지능범죄,1225
횡령,2015,2일이내,지능범죄,227
횡령,2015,3일이내,지능범죄,216
횡령,2015,10일이내,지능범죄,1371
횡령,2015,1개월이내,지능범죄,2690
횡령,2015,3개월이내,지능범죄,3675
횡령,2015,6개월이내,지능범죄,3048
횡령,2015,1년이내,지능범죄,3724
횡령,2015,1년초과,지능범죄,10273
횡령,2015,미상,지능범죄,0
배임,2015,1일이내,지능범죄,9
배임,2015,2일이내,지능범죄,0
배임,2015,3일이내,지능범죄,2
배임,2015,10일이내,지능범죄,9
배임,2015,1개월이내,지능범죄,71
배임,2015,3개월이내,지능범죄,305
배임,2015,6개월이내,지능범죄,395
배임,2015,1년이내,지능범죄,649
배임,2015,1년초과,지능범죄,2453
배임,2015,미상,지능범죄,0
성풍속범죄,2015,1일이내,풍속범죄,4331
성풍속범죄,2015,2일이내,풍속범죄,156
성풍속범죄,2015,3일이내,풍속범죄,147
성풍속범죄,2015,10일이내,풍속범죄,1030
성풍속범죄,2015,1개월이내,풍속범죄,2330
성풍속범죄,2015,3개월이내,풍속범죄,3148
성풍속범죄,2015,6개월이내,풍속범죄,1365
성풍속범죄,2015,1년이내,풍속범죄,1013
성풍속범죄,2015,1년초과,풍속범죄,1002
도박범죄,2015,1일이내,풍속범죄,3623
도박범죄,2015,2일이내,풍속범죄,74
도박범죄,2015,3일이내,풍속범죄,96
도박범죄,2015,10일이내,풍속범죄,512
도박범죄,2015,1개월이내,풍속범죄,615
도박범죄,2015,3개월이내,풍속범죄,597
도박범죄,2015,6개월이내,풍속범죄,620
도박범죄,2015,1년이내,풍속범죄,995
도박범죄,2015,1년초과,풍속범죄,1079
특별경제범죄,2015,1일이내,특별경제범죄,15419
특별경제범죄,2015,2일이내,특별경제범죄,253
특별경제범죄,2015,3일이내,특별경제범죄,246
특별경제범죄,2015,10일이내,특별경제범죄,2115
특별경제범죄,2015,1개월이내,특별경제범죄,5849
특별경제범죄,2015,3개월이내,특별경제범죄,13146
특별경제범죄,2015,6개월이내,특별경제범죄,8084
특별경제범죄,2015,1년이내,특별경제범죄,5110
특별경제범죄,2015,1년초과,특별경제범죄,7514
특별경제범죄,2015,미상,특별경제범죄,0
마약범죄,2015,1일이내,마약범죄,985
마약범죄,2015,2일이내,마약범죄,157
마약범죄,2015,3일이내,마약범죄,117
마약범죄,2015,10일이내,마약범죄,437
마약범죄,2015,1개월이내,마약범죄,813
마약범죄,2015,3개월이내,마약범죄,1315
마약범죄,2015,6개월이내,마약범죄,910
마약범죄,2015,1년이내,마약범죄,758
마약범죄,2015,1년초과,마약범죄,611
마약범죄,2015,미상,마약범죄,0
보건범죄,2015,1일이내,보건범죄,1582
보건범죄,2015,2일이내,보건범죄,151
보건범죄,2015,3일이내,보건범죄,187
보건범죄,2015,10일이내,보건범죄,1510
보건범죄,2015,1개월이내,보건범죄,3300
보건범죄,2015,3개월이내,보건범죄,3289
보건범죄,2015,6개월이내,보건범죄,1459
보건범죄,2015,1년이내,보건범죄,972
보건범죄,2015,1년초과,보건범죄,1854
보건범죄,2015,미상,보건범죄,0
환경범죄,2015,1일이내,환경범죄,200
환경범죄,2015,2일이내,환경범죄,23
환경범죄,2015,3일이내,환경범죄,10
환경범죄,2015,10일이내,환경범죄,220
환경범죄,2015,1개월이내,환경범죄,789
환경범죄,2015,3개월이내,환경범죄,786
환경범죄,2015,6개월이내,환경범죄,227
환경범죄,2015,1년이내,환경범죄,94
환경범죄,2015,1년초과,환경범죄,515
교통범죄,2015,1일이내,교통범죄,352863
교통범죄,2015,2일이내,교통범죄,18864
교통범죄,2015,3일이내,교통범죄,20004
교통범죄,2015,10일이내,교통범죄,70688
교통범죄,2015,1개월이내,교통범죄,48409
교통범죄,2015,3개월이내,교통범죄,18140
교통범죄,2015,6개월이내,교통범죄,2822
교통범죄,2015,1년이내,교통범죄,1482
교통범죄,2015,1년초과,교통범죄,2145
교통범죄,2015,미상,교통범죄,0
노동범죄,2015,1일이내,노동범죄,115
노동범죄,2015,2일이내,노동범죄,3
노동범죄,2015,3일이내,노동범죄,3
노동범죄,2015,10일이내,노동범죄,42
노동범죄,2015,1개월이내,노동범죄,130
노동범죄,2015,3개월이내,노동범죄,163
노동범죄,2015,6개월이내,노동범죄,131
노동범죄,2015,1년이내,노동범죄,172
노동범죄,2015,1년초과,노동범죄,359
안보범죄,2015,1일이내,안보범죄,10
안보범죄,2015,2일이내,안보범죄,0
안보범죄,2015,3일이내,안보범죄,0
안보범죄,2015,10일이내,안보범죄,6
안보범죄,2015,1개월이내,안보범죄,3
안보범죄,2015,3개월이내,안보범죄,13
안보범죄,2015,6개월이내,안보범죄,9
안보범죄,2015,1년이내,안보범죄,6
안보범죄,2015,1년초과,안보범죄,56
선거범죄,2015,1일이내,선거범죄,19
선거범죄,2015,2일이내,선거범죄,3
선거범죄,2015,3일이내,선거범죄,4
선거범죄,2015,10일이내,선거범죄,39
선거범죄,2015,1개월이내,선거범죄,139
선거범죄,2015,3개월이내,선거범죄,277
선거범죄,2015,6개월이내,선거범죄,152
선거범죄,2015,1년이내,선거범죄,79
선거범죄,2015,1년초과,선거범죄,25
병역범죄,2015,1일이내,병역범죄,44
병역범죄,2015,2일이내,병역범죄,22
병역범죄,2015,3일이내,병역범죄,33
병역범죄,2015,10일이내,병역범죄,264
병역범죄,2015,1개월이내,병역범죄,2787
병역범죄,2015,3개월이내,병역범죄,6507
병역범죄,2015,6개월이내,병역범죄,2831
병역범죄,2015,1년이내,병역범죄,2168
병역범죄,2015,1년초과,병역범죄,3718
병역범죄,2015,미상,병역범죄,0
기타범죄,2015,1일이내,기타범죄,46103
기타범죄,2015,2일이내,기타범죄,1568
기타범죄,2015,3일이내,기타범죄,1786
기타범죄,2015,10일이내,기타범죄,13075
기타범죄,2015,1개월이내,기타범죄,27121
기타범죄,2015,3개월이내,기타범죄,36226
기타범죄,2015,6개월이내,기타범죄,20405
기타범죄,2015,1년이내,기타범죄,17931
기타범죄,2015,1년초과,기타범죄,25889
기타범죄,2015,미상,기타범죄,0
살인기수,2016,1일이내,강력범죄,208
살인기수,2016,2일이내,강력범죄,16
살인기수,2016,3일이내,강력범죄,8
살인기수,2016,10일이내,강력범죄,28
살인기수,2016,1개월이내,강력범죄,23
살인기수,2016,3개월이내,강력범죄,30
살인기수,2016,6개월이내,강력범죄,8
살인기수,2016,1년이내,강력범죄,7
살인기수,2016,1년초과,강력범죄,20
살인미수등,2016,1일이내,강력범죄,432
살인미수등,2016,2일이내,강력범죄,11
살인미수등,2016,3일이내,강력범죄,9
살인미수등,2016,10일이내,강력범죄,33
살인미수등,2016,1개월이내,강력범죄,21
살인미수등,2016,3개월이내,강력범죄,20
살인미수등,2016,6개월이내,강력범죄,9
살인미수등,2016,1년이내,강력범죄,11
살인미수등,2016,1년초과,강력범죄,15
강도,2016,1일이내,강력범죄,445
강도,2016,2일이내,강력범죄,69
강도,2016,3일이내,강력범죄,40
강도,2016,10일이내,강력범죄,157
강도,2016,1개월이내,강력범죄,155
강도,2016,3개월이내,강력범죄,127
강도,2016,6개월이내,강력범죄,52
강도,2016,1년이내,강력범죄,24
강도,2016,1년초과,강력범죄,99
강도,2016,미상,강력범죄,0
강간·강제추행,2016,1일이내,강력범죄,0
강간·강제추행,2016,2일이내,강력범죄,0
강간·강제추행,2016,3일이내,강력범죄,0
강간·강제추행,2016,10일이내,강력범죄,0
강간·강제추행,2016,1개월이내,강력범죄,0
강간·강제추행,2016,3개월이내,강력범죄,0
강간·강제추행,2016,6개월이내,강력범죄,0
강간·강제추행,2016,1년이내,강력범죄,0
강간·강제추행,2016,1년초과,강력범죄,0
강간,2016,1일이내,강력범죄,1188
강간,2016,2일이내,강력범죄,89
강간,2016,3일이내,강력범죄,73
강간,2016,10일이내,강력범죄,520
강간,2016,1개월이내,강력범죄,1019
강간,2016,3개월이내,강력범죄,1019
강간,2016,6개월이내,강력범죄,397
강간,2016,1년이내,강력범죄,316
강간,2016,1년초과,강력범죄,476
유사강간,2016,1일이내,강력범죄,146
유사강간,2016,2일이내,강력범죄,10
유사강간,2016,3일이내,강력범죄,7
유사강간,2016,10일이내,강력범죄,60
유사강간,2016,1개월이내,강력범죄,135
유사강간,2016,3개월이내,강력범죄,100
유사강간,2016,6개월이내,강력범죄,58
유사강간,2016,1년이내,강력범죄,24
유사강간,2016,1년초과,강력범죄,28
강제추행,2016,1일이내,강력범죄,6907
강제추행,2016,2일이내,강력범죄,198
강제추행,2016,3일이내,강력범죄,237
강제추행,2016,10일이내,강력범죄,1436
강제추행,2016,1개월이내,강력범죄,2771
강제추행,2016,3개월이내,강력범죄,2191
강제추행,2016,6개월이내,강력범죄,663
강제추행,2016,1년이내,강력범죄,424
강제추행,2016,1년초과,강력범죄,557
기타 강간·강제추행등,2016,1일이내,강력범죄,109
기타 강간·강제추행등,2016,2일이내,강력범죄,13
기타 강간·강제추행등,2016,3일이내,강력범죄,5
기타 강간·강제추행등,2016,10일이내,강력범죄,49
기타 강간·강제추행등,2016,1개월이내,강력범죄,76
기타 강간·강제추행등,2016,3개월이내,강력범죄,63
기타 강간·강제추행등,2016,6개월이내,강력범죄,18
기타 강간·강제추행등,2016,1년이내,강력범죄,14
기타 강간·강제추행등,2016,1년초과,강력범죄,61
방화,2016,1일이내,강력범죄,844
방화,2016,2일이내,강력범죄,43
방화,2016,3일이내,강력범죄,29
방화,2016,10일이내,강력범죄,109
방화,2016,1개월이내,강력범죄,158
방화,2016,3개월이내,강력범죄,100
방화,2016,6개월이내,강력범죄,34
방화,2016,1년이내,강력범죄,21
방화,2016,1년초과,강력범죄,25
절도범죄,2016,1일이내,절도범죄,23688
절도범죄,2016,2일이내,절도범죄,4016
절도범죄,2016,3일이내,절도범죄,3610
절도범죄,2016,10일이내,절도범죄,19604
절도범죄,2016,1개월이내,절도범죄,29639
절도범죄,2016,3개월이내,절도범죄,21061
절도범죄,2016,6개월이내,절도범죄,7330
절도범죄,2016,1년이내,절도범죄,4375
절도범죄,2016,1년초과,절도범죄,5274
절도범죄,2016,미상,절도범죄,0
상해,2016,1일이내,폭력범죄,18988
상해,2016,2일이내,폭력범죄,1033
상해,2016,3일이내,폭력범죄,1419
상해,2016,10일이내,폭력범죄,8053
상해,2016,1개월이내,폭력범죄,10225
상해,2016,3개월이내,폭력범죄,5858
상해,2016,6개월이내,폭력범죄,1435
상해,2016,1년이내,폭력범죄,727
상해,2016,1년초과,폭력범죄,1002
상해,2016,미상,폭력범죄,0
폭행,2016,1일이내,폭력범죄,90829
폭행,2016,2일이내,폭력범죄,3320
폭행,2016,3일이내,폭력범죄,4823
폭행,2016,10일이내,폭력범죄,22440
폭행,2016,1개월이내,폭력범죄,21780
폭행,2016,3개월이내,폭력범죄,10628
폭행,2016,6개월이내,폭력범죄,1914
폭행,2016,1년이내,폭력범죄,960
폭행,2016,1년초과,폭력범죄,981
폭행,2016,미상,폭력범죄,0
체포·감금,2016,1일이내,폭력범죄,596
체포·감금,2016,2일이내,폭력범죄,32
체포·감금,2016,3일이내,폭력범죄,26
체포·감금,2016,10일이내,폭력범죄,122
체포·감금,2016,1개월이내,폭력범죄,167
체포·감금,2016,3개월이내,폭력범죄,157
체포·감금,2016,6개월이내,폭력범죄,59
체포·감금,2016,1년이내,폭력범죄,33
체포·감금,2016,1년초과,폭력범죄,55
협박,2016,1일이내,폭력범죄,6348
협박,2016,2일이내,폭력범죄,297
협박,2016,3일이내,폭력범죄,335
협박,2016,10일이내,폭력범죄,1897
협박,2016,1개월이내,폭력범죄,2619
협박,2016,3개월이내,폭력범죄,2129
협박,2016,6개월이내,폭력범죄,610
협박,2016,1년이내,폭력범죄,387
협박,2016,1년초과,폭력범죄,421
약취·유인,2016,1일이내,폭력범죄,63
약취·유인,2016,2일이내,폭력범죄,3
약취·유인,2016,3일이내,폭력범죄,7
약취·유인,2016,10일이내,폭력범죄,12
약취·유인,2016,1개월이내,폭력범죄,32
약취·유인,2016,3개월이내,폭력범죄,28
약취·유인,2016,6개월이내,폭력범죄,17
약취·유인,2016,1년이내,폭력범죄,11
약취·유인,2016,1년초과,폭력범죄,18
폭력행위등,2016,1일이내,폭력범죄,5305
폭력행위등,2016,2일이내,폭력범죄,208
폭력행위등,2016,3일이내,폭력범죄,269
폭력행위등,2016,10일이내,폭력범죄,1594
폭력행위등,2016,1개월이내,폭력범죄,2304
폭력행위등,2016,3개월이내,폭력범죄,1602
폭력행위등,2016,6개월이내,폭력범죄,547
폭력행위등,2016,1년이내,폭력범죄,327
폭력행위등,2016,1년초과,폭력범죄,448
폭력행위등,2016,미상,폭력범죄,0
공갈,2016,1일이내,폭력범죄,325
공갈,2016,2일이내,폭력범죄,21
공갈,2016,3일이내,폭력범죄,26
공갈,2016,10일이내,폭력범죄,160
공갈,2016,1개월이내,폭력범죄,522
공갈,2016,3개월이내,폭력범죄,766
공갈,2016,6개월이내,폭력범죄,436
공갈,2016,1년이내,폭력범죄,342
공갈,2016,1년초과,폭력범죄,488
손괴,2016,1일이내,폭력범죄,13563
손괴,2016,2일이내,폭력범죄,553
손괴,2016,3일이내,폭력범죄,722
손괴,2016,10일이내,폭력범죄,4491
손괴,2016,1개월이내,폭력범죄,6098
손괴,2016,3개월이내,폭력범죄,4542
손괴,2016,6개월이내,폭력범죄,1182
손괴,2016,1년이내,폭력범죄,597
손괴,2016,1년초과,폭력범죄,714
손괴,2016,미상,폭력범죄,0
직무유기,2016,1일이내,지능범죄,2
직무유기,2016,2일이내,지능범죄,0
직무유기,2016,3일이내,지능범죄,0
직무유기,2016,10일이내,지능범죄,5
직무유기,2016,1개월이내,지능범죄,18
직무유기,2016,3개월이내,지능범죄,80
직무유기,2016,6개월이내,지능범죄,57
직무유기,2016,1년이내,지능범죄,64
직무유기,2016,1년초과,지능범죄,110
직권남용,2016,1일이내,지능범죄,7
직권남용,2016,2일이내,지능범죄,0
직권남용,2016,3일이내,지능범죄,1
직권남용,2016,10일이내,지능범죄,2
직권남용,2016,1개월이내,지능범죄,22
직권남용,2016,3개월이내,지능범죄,98
직권남용,2016,6개월이내,지능범죄,51
직권남용,2016,1년이내,지능범죄,45
직권남용,2016,1년초과,지능범죄,58
증수뢰,2016,1일이내,지능범죄,13
증수뢰,2016,2일이내,지능범죄,0
증수뢰,2016,3일이내,지능범죄,0
증수뢰,2016,10일이내,지능범죄,2
증수뢰,2016,1개월이내,지능범죄,8
증수뢰,2016,3개월이내,지능범죄,22
증수뢰,2016,6개월이내,지능범죄,23
증수뢰,2016,1년이내,지능범죄,41
증수뢰,2016,1년초과,지능범죄,138
통화,2016,1일이내,지능범죄,32
통화,2016,2일이내,지능범죄,4
통화,2016,3일이내,지능범죄,5
통화,2016,10일이내,지능범죄,17
통화,2016,1개월이내,지능범죄,26
통화,2016,3개월이내,지능범죄,25
통화,2016,6개월이내,지능범죄,6
통화,2016,1년이내,지능범죄,2
통화,2016,1년초과,지능범죄,6
문서·인장,2016,1일이내,지능범죄,809
문서·인장,2016,2일이내,지능범죄,35
문서·인장,2016,3일이내,지능범죄,54
문서·인장,2016,10일이내,지능범죄,397
문서·인장,2016,1개월이내,지능범죄,873
문서·인장,2016,3개월이내,지능범죄,1348
문서·인장,2016,6개월이내,지능범죄,1159
문서·인장,2016,1년이내,지능범죄,1755
문서·인장,2016,1년초과,지능범죄,4835
유가증권인지,2016,1일이내,지능범죄,7
유가증권인지,2016,2일이내,지능범죄,1
유가증권인지,2016,3일이내,지능범죄,0
유가증권인지,2016,10일이내,지능범죄,2
유가증권인지,2016,1개월이내,지능범죄,5
유가증권인지,2016,3개월이내,지능범죄,17
유가증권인지,2016,6개월이내,지능범죄,26
유가증권인지,2016,1년이내,지능범죄,22
유가증권인지,2016,1년초과,지능범죄,104
사기,2016,1일이내,지능범죄,11666
사기,2016,2일이내,지능범죄,375
사기,2016,3일이내,지능범죄,401
사기,2016,10일이내,지능범죄,3662
사기,2016,1개월이내,지능범죄,20418
사기,2016,3개월이내,지능범죄,44884
사기,2016,6개월이내,지능범죄,28163
사기,2016,1년이내,지능범죄,25965
사기,2016,1년초과,지능범죄,61825
사기,2016,미상,지능범죄,0
횡령,2016,1일이내,지능범죄,1499
횡령,2016,2일이내,지능범죄,287
횡령,2016,3일이내,지능범죄,285
횡령,2016,10일이내,지능범죄,1876
횡령,2016,1개월이내,지능범죄,3405
횡령,2016,3개월이내,지능범죄,3904
횡령,2016,6개월이내,지능범죄,2758
횡령,2016,1년이내,지능범죄,3241
횡령,2016,1년초과,지능범죄,9215
횡령,2016,미상,지능범죄,0
배임,2016,1일이내,지능범죄,1
배임,2016,2일이내,지능범죄,1
배임,2016,3일이내,지능범죄,1
배임,2016,10일이내,지능범죄,12
배임,2016,1개월이내,지능범죄,94
배임,2016,3개월이내,지능범죄,336
배임,2016,6개월이내,지능범죄,393
배임,2016,1년이내,지능범죄,670
배임,2016,1년초과,지능범죄,2450
배임,2016,미상,지능범죄,0
성풍속범죄,2016,1일이내,풍속범죄,4069
성풍속범죄,2016,2일이내,풍속범죄,123
성풍속범죄,2016,3일이내,풍속범죄,136
성풍속범죄,2016,10일이내,풍속범죄,839
성풍속범죄,2016,1개월이내,풍속범죄,1879
성풍속범죄,2016,3개월이내,풍속범죄,2362
성풍속범죄,2016,6개월이내,풍속범죄,889
성풍속범죄,2016,1년이내,풍속범죄,572
성풍속범죄,2016,1년초과,풍속범죄,547
도박범죄,2016,1일이내,풍속범죄,3080
도박범죄,2016,2일이내,풍속범죄,84
도박범죄,2016,3일이내,풍속범죄,96
도박범죄,2016,10일이내,풍속범죄,607
도박범죄,2016,1개월이내,풍속범죄,867
도박범죄,2016,3개월이내,풍속범죄,1575
도박범죄,2016,6개월이내,풍속범죄,1933
도박범죄,2016,1년이내,풍속범죄,2848
도박범죄,2016,1년초과,풍속범죄,2094
특별경제범죄,2016,1일이내,특별경제범죄,15681
특별경제범죄,2016,2일이내,특별경제범죄,256
특별경제범죄,2016,3일이내,특별경제범죄,310
특별경제범죄,2016,10일이내,특별경제범죄,2102
특별경제범죄,2016,1개월이내,특별경제범죄,5108
특별경제범죄,2016,3개월이내,특별경제범죄,9910
특별경제범죄,2016,6개월이내,특별경제범죄,6270
특별경제범죄,2016,1년이내,특별경제범죄,4290
특별경제범죄,2016,1년초과,특별경제범죄,6681
특별경제범죄,2016,미상,특별경제범죄,0
마약범죄,2016,1일이내,마약범죄,1461
마약범죄,2016,2일이내,마약범죄,141
마약범죄,2016,3일이내,마약범죄,136
마약범죄,2016,10일이내,마약범죄,449
마약범죄,2016,1개월이내,마약범죄,848
마약범죄,2016,3개월이내,마약범죄,1409
마약범죄,2016,6개월이내,마약범죄,1054
마약범죄,2016,1년이내,마약범죄,898
마약범죄,2016,1년초과,마약범죄,700
마약범죄,2016,미상,마약범죄,0
보건범죄,2016,1일이내,보건범죄,1392
보건범죄,2016,2일이내,보건범죄,156
보건범죄,2016,3일이내,보건범죄,179
보건범죄,2016,10일이내,보건범죄,1628
보건범죄,2016,1개월이내,보건범죄,3488
보건범죄,2016,3개월이내,보건범죄,3545
보건범죄,2016,6개월이내,보건범죄,1570
보건범죄,2016,1년이내,보건범죄,1068
보건범죄,2016,1년초과,보건범죄,1421
보건범죄,2016,미상,보건범죄,0
환경범죄,2016,1일이내,환경범죄,131
환경범죄,2016,2일이내,환경범죄,18
환경범죄,2016,3일이내,환경범죄,22
환경범죄,2016,10일이내,환경범죄,288
환경범죄,2016,1개월이내,환경범죄,1001
환경범죄,2016,3개월이내,환경범죄,1246
환경범죄,2016,6개월이내,환경범죄,766
환경범죄,2016,1년이내,환경범죄,595
환경범죄,2016,1년초과,환경범죄,185
교통범죄,2016,1일이내,교통범죄,348991
교통범죄,2016,2일이내,교통범죄,18611
교통범죄,2016,3일이내,교통범죄,20198
교통범죄,2016,10일이내,교통범죄,75437
교통범죄,2016,1개월이내,교통범죄,52090
교통범죄,2016,3개월이내,교통범죄,17973
교통범죄,2016,6개월이내,교통범죄,3030
교통범죄,2016,1년이내,교통범죄,1541
교통범죄,2016,1년초과,교통범죄,1766
교통범죄,2016,미상,교통범죄,0
노동범죄,2016,1일이내,노동범죄,77
노동범죄,2016,2일이내,노동범죄,10
노동범죄,2016,3일이내,노동범죄,9
노동범죄,2016,10일이내,노동범죄,59
노동범죄,2016,1개월이내,노동범죄,153
노동범죄,2016,3개월이내,노동범죄,276
노동범죄,2016,6개월이내,노동범죄,353
노동범죄,2016,1년이내,노동범죄,450
노동범죄,2016,1년초과,노동범죄,1046
안보범죄,2016,1일이내,안보범죄,9
안보범죄,2016,2일이내,안보범죄,0
안보범죄,2016,3일이내,안보범죄,1
안보범죄,2016,10일이내,안보범죄,7
안보범죄,2016,1개월이내,안보범죄,8
안보범죄,2016,3개월이내,안보범죄,8
안보범죄,2016,6개월이내,안보범죄,4
안보범죄,2016,1년이내,안보범죄,7
안보범죄,2016,1년초과,안보범죄,25
선거범죄,2016,1일이내,선거범죄,63
선거범죄,2016,2일이내,선거범죄,17
선거범죄,2016,3일이내,선거범죄,3
선거범죄,2016,10일이내,선거범죄,44
선거범죄,2016,1개월이내,선거범죄,193
선거범죄,2016,3개월이내,선거범죄,365
선거범죄,2016,6개월이내,선거범죄,147
선거범죄,2016,1년이내,선거범죄,36
선거범죄,2016,1년초과,선거범죄,27
병역범죄,2016,1일이내,병역범죄,45
병역범죄,2016,2일이내,병역범죄,34
병역범죄,2016,3일이내,병역범죄,30
병역범죄,2016,10일이내,병역범죄,358
병역범죄,2016,1개월이내,병역범죄,2838
병역범죄,2016,3개월이내,병역범죄,6316
병역범죄,2016,6개월이내,병역범죄,2516
병역범죄,2016,1년이내,병역범죄,1499
병역범죄,2016,1년초과,병역범죄,2062
병역범죄,2016,미상,병역범죄,0
기타범죄,2016,1일이내,기타범죄,62431
기타범죄,2016,2일이내,기타범죄,2514
기타범죄,2016,3일이내,기타범죄,2990
기타범죄,2016,10일이내,기타범죄,20269
기타범죄,2016,1개월이내,기타범죄,35698
기타범죄,2016,3개월이내,기타범죄,45047
기타범죄,2016,6개월이내,기타범죄,25207
기타범죄,2016,1년이내,기타범죄,18922
기타범죄,2016,1년초과,기타범죄,24874
기타범죄,2016,미상,기타범죄,0
살인기수,2017,1일이내,강력범죄,183
살인기수,2017,2일이내,강력범죄,14
살인기수,2017,3일이내,강력범죄,1
살인기수,2017,10일이내,강력범죄,27
살인기수,2017,1개월이내,강력범죄,20
살인기수,2017,3개월이내,강력범죄,24
살인기수,2017,6개월이내,강력범죄,7
살인기수,2017,1년이내,강력범죄,7
살인기수,2017,1년초과,강력범죄,18
살인미수등,2017,1일이내,강력범죄,430
살인미수등,2017,2일이내,강력범죄,10
살인미수등,2017,3일이내,강력범죄,1
살인미수등,2017,10일이내,강력범죄,16
살인미수등,2017,1개월이내,강력범죄,17
살인미수등,2017,3개월이내,강력범죄,21
살인미수등,2017,6개월이내,강력범죄,7
살인미수등,2017,1년이내,강력범죄,8
살인미수등,2017,1년초과,강력범죄,15
강도,2017,1일이내,강력범죄,419
강도,2017,2일이내,강력범죄,44
강도,2017,3일이내,강력범죄,31
강도,2017,10일이내,강력범죄,122
강도,2017,1개월이내,강력범죄,129
강도,2017,3개월이내,강력범죄,95
강도,2017,6개월이내,강력범죄,34
강도,2017,1년이내,강력범죄,31
강도,2017,1년초과,강력범죄,72
강도,2017,미상,강력범죄,0
강간·강제추행,2017,1일이내,강력범죄,0
강간·강제추행,2017,2일이내,강력범죄,0
강간·강제추행,2017,3일이내,강력범죄,0
강간·강제추행,2017,10일이내,강력범죄,0
강간·강제추행,2017,1개월이내,강력범죄,0
강간·강제추행,2017,3개월이내,강력범죄,0
강간·강제추행,2017,6개월이내,강력범죄,0
강간·강제추행,2017,1년이내,강력범죄,0
강간·강제추행,2017,1년초과,강력범죄,0
강간,2017,1일이내,강력범죄,1281
강간,2017,2일이내,강력범죄,81
강간,2017,3일이내,강력범죄,84
강간,2017,10일이내,강력범죄,475
강간,2017,1개월이내,강력범죄,1099
강간,2017,3개월이내,강력범죄,1013
강간,2017,6개월이내,강력범죄,348
강간,2017,1년이내,강력범죄,266
강간,2017,1년초과,강력범죄,487
유사강간,2017,1일이내,강력범죄,162
유사강간,2017,2일이내,강력범죄,7
유사강간,2017,3일이내,강력범죄,11
유사강간,2017,10일이내,강력범죄,74
유사강간,2017,1개월이내,강력범죄,131
유사강간,2017,3개월이내,강력범죄,138
유사강간,2017,6개월이내,강력범죄,39
유사강간,2017,1년이내,강력범죄,26
유사강간,2017,1년초과,강력범죄,43
강제추행,2017,1일이내,강력범죄,7769
강제추행,2017,2일이내,강력범죄,254
강제추행,2017,3일이내,강력범죄,255
강제추행,2017,10일이내,강력범죄,1550
강제추행,2017,1개월이내,강력범죄,3283
강제추행,2017,3개월이내,강력범죄,2445
강제추행,2017,6개월이내,강력범죄,667
강제추행,2017,1년이내,강력범죄,412
강제추행,2017,1년초과,강력범죄,584
기타 강간·강제추행등,2017,1일이내,강력범죄,89
기타 강간·강제추행등,2017,2일이내,강력범죄,8
기타 강간·강제추행등,2017,3일이내,강력범죄,9
기타 강간·강제추행등,2017,10일이내,강력범죄,26
기타 강간·강제추행등,2017,1개월이내,강력범죄,49
기타 강간·강제추행등,2017,3개월이내,강력범죄,46
기타 강간·강제추행등,2017,6개월이내,강력범죄,12
기타 강간·강제추행등,2017,1년이내,강력범죄,17
기타 강간·강제추행등,2017,1년초과,강력범죄,49
방화,2017,1일이내,강력범죄,764
방화,2017,2일이내,강력범죄,31
방화,2017,3일이내,강력범죄,10
방화,2017,10일이내,강력범죄,108
방화,2017,1개월이내,강력범죄,125
방화,2017,3개월이내,강력범죄,140
방화,2017,6개월이내,강력범죄,42
방화,2017,1년이내,강력범죄,13
방화,2017,1년초과,강력범죄,9
절도범죄,2017,1일이내,절도범죄,24790
절도범죄,2017,2일이내,절도범죄,3775
절도범죄,2017,3일이내,절도범죄,3511
절도범죄,2017,10일이내,절도범죄,19886
절도범죄,2017,1개월이내,절도범죄,29600
절도범죄,2017,3개월이내,절도범죄,19071
절도범죄,2017,6개월이내,절도범죄,5740
절도범죄,2017,1년이내,절도범죄,3254
절도범죄,2017,1년초과,절도범죄,4144
절도범죄,2017,미상,절도범죄,0
상해,2017,1일이내,폭력범죄,15549
상해,2017,2일이내,폭력범죄,1014
상해,2017,3일이내,폭력범죄,1418
상해,2017,10일이내,폭력범죄,7895
상해,2017,1개월이내,폭력범죄,9667
상해,2017,3개월이내,폭력범죄,5384
상해,2017,6개월이내,폭력범죄,1138
상해,2017,1년이내,폭력범죄,619
상해,2017,1년초과,폭력범죄,793
상해,2017,미상,폭력범죄,0
폭행,2017,1일이내,폭력범죄,80406
폭행,2017,2일이내,폭력범죄,3373
폭행,2017,3일이내,폭력범죄,5469
폭행,2017,10일이내,폭력범죄,24414
폭행,2017,1개월이내,폭력범죄,23930
폭행,2017,3개월이내,폭력범죄,10917
폭행,2017,6개월이내,폭력범죄,1900
폭행,2017,1년이내,폭력범죄,838
폭행,2017,1년초과,폭력범죄,819
폭행,2017,미상,폭력범죄,0
체포·감금,2017,1일이내,폭력범죄,715
체포·감금,2017,2일이내,폭력범죄,34
체포·감금,2017,3일이내,폭력범죄,30
체포·감금,2017,10일이내,폭력범죄,141
체포·감금,2017,1개월이내,폭력범죄,167
체포·감금,2017,3개월이내,폭력범죄,161
체포·감금,2017,6개월이내,폭력범죄,53
체포·감금,2017,1년이내,폭력범죄,35
체포·감금,2017,1년초과,폭력범죄,53
협박,2017,1일이내,폭력범죄,5602
협박,2017,2일이내,폭력범죄,270
협박,2017,3일이내,폭력범죄,318
협박,2017,10일이내,폭력범죄,2104
협박,2017,1개월이내,폭력범죄,2958
협박,2017,3개월이내,폭력범죄,2113
협박,2017,6개월이내,폭력범죄,630
협박,2017,1년이내,폭력범죄,345
협박,2017,1년초과,폭력범죄,359
약취·유인,2017,1일이내,폭력범죄,63
약취·유인,2017,2일이내,폭력범죄,8
약취·유인,2017,3일이내,폭력범죄,6
약취·유인,2017,10일이내,폭력범죄,22
약취·유인,2017,1개월이내,폭력범죄,25
약취·유인,2017,3개월이내,폭력범죄,38
약취·유인,2017,6개월이내,폭력범죄,8
약취·유인,2017,1년이내,폭력범죄,4
약취·유인,2017,1년초과,폭력범죄,17
폭력행위등,2017,1일이내,폭력범죄,4090
폭력행위등,2017,2일이내,폭력범죄,196
폭력행위등,2017,3일이내,폭력범죄,248
폭력행위등,2017,10일이내,폭력범죄,1499
폭력행위등,2017,1개월이내,폭력범죄,2186
폭력행위등,2017,3개월이내,폭력범죄,1448
폭력행위등,2017,6개월이내,폭력범죄,458
폭력행위등,2017,1년이내,폭력범죄,246
폭력행위등,2017,1년초과,폭력범죄,297
폭력행위등,2017,미상,폭력범죄,0
공갈,2017,1일이내,폭력범죄,259
공갈,2017,2일이내,폭력범죄,19
공갈,2017,3일이내,폭력범죄,24
공갈,2017,10일이내,폭력범죄,179
공갈,2017,1개월이내,폭력범죄,456
공갈,2017,3개월이내,폭력범죄,711
공갈,2017,6개월이내,폭력범죄,500
공갈,2017,1년이내,폭력범죄,402
공갈,2017,1년초과,폭력범죄,476
손괴,2017,1일이내,폭력범죄,12180
손괴,2017,2일이내,폭력범죄,555
손괴,2017,3일이내,폭력범죄,813
손괴,2017,10일이내,폭력범죄,4720
손괴,2017,1개월이내,폭력범죄,6774
손괴,2017,3개월이내,폭력범죄,4768
손괴,2017,6개월이내,폭력범죄,1125
손괴,2017,1년이내,폭력범죄,555
손괴,2017,1년초과,폭력범죄,617
손괴,2017,미상,폭력범죄,0
직무유기,2017,1일이내,지능범죄,1
직무유기,2017,2일이내,지능범죄,0
직무유기,2017,3일이내,지능범죄,1
직무유기,2017,10일이내,지능범죄,3
직무유기,2017,1개월이내,지능범죄,14
직무유기,2017,3개월이내,지능범죄,61
직무유기,2017,6개월이내,지능범죄,59
직무유기,2017,1년이내,지능범죄,46
직무유기,2017,1년초과,지능범죄,92
직권남용,2017,1일이내,지능범죄,2
직권남용,2017,2일이내,지능범죄,0
직권남용,2017,3일이내,지능범죄,1
직권남용,2017,10일이내,지능범죄,6
직권남용,2017,1개월이내,지능범죄,25
직권남용,2017,3개월이내,지능범죄,101
직권남용,2017,6개월이내,지능범죄,62
직권남용,2017,1년이내,지능범죄,35
직권남용,2017,1년초과,지능범죄,80
증수뢰,2017,1일이내,지능범죄,7
증수뢰,2017,2일이내,지능범죄,0
증수뢰,2017,3일이내,지능범죄,0
증수뢰,2017,10일이내,지능범죄,1
증수뢰,2017,1개월이내,지능범죄,9
증수뢰,2017,3개월이내,지능범죄,25
증수뢰,2017,6개월이내,지능범죄,35
증수뢰,2017,1년이내,지능범죄,50
증수뢰,2017,1년초과,지능범죄,163
통화,2017,1일이내,지능범죄,55
통화,2017,2일이내,지능범죄,3
통화,2017,3일이내,지능범죄,10
통화,2017,10일이내,지능범죄,47
통화,2017,1개월이내,지능범죄,90
통화,2017,3개월이내,지능범죄,131
통화,2017,6개월이내,지능범죄,66
통화,2017,1년이내,지능범죄,114
통화,2017,1년초과,지능범죄,16
문서·인장,2017,1일이내,지능범죄,566
문서·인장,2017,2일이내,지능범죄,29
문서·인장,2017,3일이내,지능범죄,44
문서·인장,2017,10일이내,지능범죄,353
문서·인장,2017,1개월이내,지능범죄,855
문서·인장,2017,3개월이내,지능범죄,1430
문서·인장,2017,6개월이내,지능범죄,1199
문서·인장,2017,1년이내,지능범죄,1606
문서·인장,2017,1년초과,지능범죄,4796
유가증권인지,2017,1일이내,지능범죄,8
유가증권인지,2017,2일이내,지능범죄,1
유가증권인지,2017,3일이내,지능범죄,1
유가증권인지,2017,10일이내,지능범죄,4
유가증권인지,2017,1개월이내,지능범죄,7
유가증권인지,2017,3개월이내,지능범죄,15
유가증권인지,2017,6개월이내,지능범죄,22
유가증권인지,2017,1년이내,지능범죄,17
유가증권인지,2017,1년초과,지능범죄,86
사기,2017,1일이내,지능범죄,11182
사기,2017,2일이내,지능범죄,424
사기,2017,3일이내,지능범죄,422
사기,2017,10일이내,지능범죄,3959
사기,2017,1개월이내,지능범죄,22764
사기,2017,3개월이내,지능범죄,45196
사기,2017,6개월이내,지능범죄,25814
사기,2017,1년이내,지능범죄,22593
사기,2017,1년초과,지능범죄,51620
사기,2017,미상,지능범죄,0
횡령,2017,1일이내,지능범죄,1510
횡령,2017,2일이내,지능범죄,313
횡령,2017,3일이내,지능범죄,307
횡령,2017,10일이내,지능범죄,2047
횡령,2017,1개월이내,지능범죄,3868
횡령,2017,3개월이내,지능범죄,4089
횡령,2017,6개월이내,지능범죄,2691
횡령,2017,1년이내,지능범죄,2982
횡령,2017,1년초과,지능범죄,7883
횡령,2017,미상,지능범죄,0
배임,2017,1일이내,지능범죄,2
배임,2017,2일이내,지능범죄,0
배임,2017,3일이내,지능범죄,0
배임,2017,10일이내,지능범죄,12
배임,2017,1개월이내,지능범죄,69
배임,2017,3개월이내,지능범죄,256
배임,2017,6개월이내,지능범죄,413
배임,2017,1년이내,지능범죄,542
배임,2017,1년초과,지능범죄,2037
배임,2017,미상,지능범죄,0
성풍속범죄,2017,1일이내,풍속범죄,4771
성풍속범죄,2017,2일이내,풍속범죄,146
성풍속범죄,2017,3일이내,풍속범죄,152
성풍속범죄,2017,10일이내,풍속범죄,893
성풍속범죄,2017,1개월이내,풍속범죄,1941
성풍속범죄,2017,3개월이내,풍속범죄,2519
성풍속범죄,2017,6개월이내,풍속범죄,939
성풍속범죄,2017,1년이내,풍속범죄,599
성풍속범죄,2017,1년초과,풍속범죄,593
도박범죄,2017,1일이내,풍속범죄,2282
도박범죄,2017,2일이내,풍속범죄,68
도박범죄,2017,3일이내,풍속범죄,84
도박범죄,2017,10일이내,풍속범죄,396
도박범죄,2017,1개월이내,풍속범죄,526
도박범죄,2017,3개월이내,풍속범죄,661
도박범죄,2017,6개월이내,풍속범죄,830
도박범죄,2017,1년이내,풍속범죄,1661
도박범죄,2017,1년초과,풍속범죄,2028
특별경제범죄,2017,1일이내,특별경제범죄,14518
특별경제범죄,2017,2일이내,특별경제범죄,258
특별경제범죄,2017,3일이내,특별경제범죄,304
특별경제범죄,2017,10일이내,특별경제범죄,1902
특별경제범죄,2017,1개월이내,특별경제범죄,4833
특별경제범죄,2017,3개월이내,특별경제범죄,8298
특별경제범죄,2017,6개월이내,특별경제범죄,4702
특별경제범죄,2017,1년이내,특별경제범죄,3303
특별경제범죄,2017,1년초과,특별경제범죄,5673
특별경제범죄,2017,미상,특별경제범죄,0
마약범죄,2017,1일이내,마약범죄,1485
마약범죄,2017,2일이내,마약범죄,156
마약범죄,2017,3일이내,마약범죄,98
마약범죄,2017,10일이내,마약범죄,407
마약범죄,2017,1개월이내,마약범죄,829
마약범죄,2017,3개월이내,마약범죄,1550
마약범죄,2017,6개월이내,마약범죄,1049
마약범죄,2017,1년이내,마약범죄,910
마약범죄,2017,1년초과,마약범죄,727
마약범죄,2017,미상,마약범죄,0
보건범죄,2017,1일이내,보건범죄,1070
보건범죄,2017,2일이내,보건범죄,154
보건범죄,2017,3일이내,보건범죄,186
보건범죄,2017,10일이내,보건범죄,1527
보건범죄,2017,1개월이내,보건범죄,3130
보건범죄,2017,3개월이내,보건범죄,2824
보건범죄,2017,6개월이내,보건범죄,1249
보건범죄,2017,1년이내,보건범죄,957
보건범죄,2017,1년초과,보건범죄,1189
보건범죄,2017,미상,보건범죄,0
환경범죄,2017,1일이내,환경범죄,136
환경범죄,2017,2일이내,환경범죄,21
환경범죄,2017,3일이내,환경범죄,20
환경범죄,2017,10일이내,환경범죄,331
환경범죄,2017,1개월이내,환경범죄,1181
환경범죄,2017,3개월이내,환경범죄,1079
환경범죄,2017,6개월이내,환경범죄,419
환경범죄,2017,1년이내,환경범죄,511
환경범죄,2017,1년초과,환경범죄,1065
교통범죄,2017,1일이내,교통범죄,296634
교통범죄,2017,2일이내,교통범죄,16383
교통범죄,2017,3일이내,교통범죄,18220
교통범죄,2017,10일이내,교통범죄,67771
교통범죄,2017,1개월이내,교통범죄,48229
교통범죄,2017,3개월이내,교통범죄,16767
교통범죄,2017,6개월이내,교통범죄,2676
교통범죄,2017,1년이내,교통범죄,1384
교통범죄,2017,1년초과,교통범죄,1098
교통범죄,2017,미상,교통범죄,0
노동범죄,2017,1일이내,노동범죄,67
노동범죄,2017,2일이내,노동범죄,1
노동범죄,2017,3일이내,노동범죄,12
노동범죄,2017,10일이내,노동범죄,73
노동범죄,2017,1개월이내,노동범죄,149
노동범죄,2017,3개월이내,노동범죄,312
노동범죄,2017,6개월이내,노동범죄,273
노동범죄,2017,1년이내,노동범죄,462
노동범죄,2017,1년초과,노동범죄,1470
안보범죄,2017,1일이내,안보범죄,7
안보범죄,2017,2일이내,안보범죄,1
안보범죄,2017,3일이내,안보범죄,0
안보범죄,2017,10일이내,안보범죄,2
안보범죄,2017,1개월이내,안보범죄,6
안보범죄,2017,3개월이내,안보범죄,13
안보범죄,2017,6개월이내,안보범죄,4
안보범죄,2017,1년이내,안보범죄,8
안보범죄,2017,1년초과,안보범죄,39
선거범죄,2017,1일이내,선거범죄,135
선거범죄,2017,2일이내,선거범죄,19
선거범죄,2017,3일이내,선거범죄,23
선거범죄,2017,10일이내,선거범죄,90
선거범죄,2017,1개월이내,선거범죄,148
선거범죄,2017,3개월이내,선거범죄,103
선거범죄,2017,6개월이내,선거범죄,46
선거범죄,2017,1년이내,선거범죄,14
선거범죄,2017,1년초과,선거범죄,12
병역범죄,2017,1일이내,병역범죄,46
병역범죄,2017,2일이내,병역범죄,34
병역범죄,2017,3일이내,병역범죄,52
병역범죄,2017,10일이내,병역범죄,412
병역범죄,2017,1개월이내,병역범죄,2915
병역범죄,2017,3개월이내,병역범죄,6678
병역범죄,2017,6개월이내,병역범죄,1908
병역범죄,2017,1년이내,병역범죄,1140
병역범죄,2017,1년초과,병역범죄,1259
병역범죄,2017,미상,병역범죄,0
기타범죄,2017,1일이내,기타범죄,47570
기타범죄,2017,2일이내,기타범죄,2290
기타범죄,2017,3일이내,기타범죄,2820
기타범죄,2017,10일이내,기타범죄,20425
기타범죄,2017,1개월이내,기타범죄,34349
기타범죄,2017,3개월이내,기타범죄,39347
기타범죄,2017,6개월이내,기타범죄,23455
기타범죄,2017,1년이내,기타범죄,18268
기타범죄,2017,1년초과,기타범죄,25785
기타범죄,2017,미상,기타범죄,0
살인기수,2018,1일이내,강력범죄,186
살인기수,2018,2일이내,강력범죄,14
살인기수,2018,3일이내,강력범죄,8
살인기수,2018,10일이내,강력범죄,18
살인기수,2018,1개월이내,강력범죄,16
살인기수,2018,3개월이내,강력범죄,21
살인기수,2018,6개월이내,강력범죄,14
살인기수,2018,1년이내,강력범죄,5
살인기수,2018,1년초과,강력범죄,16
살인미수등,2018,1일이내,강력범죄,366
살인미수등,2018,2일이내,강력범죄,8
살인미수등,2018,3일이내,강력범죄,7
살인미수등,2018,10일이내,강력범죄,24
살인미수등,2018,1개월이내,강력범죄,18
살인미수등,2018,3개월이내,강력범죄,16
살인미수등,2018,6개월이내,강력범죄,13
살인미수등,2018,1년이내,강력범죄,10
살인미수등,2018,1년초과,강력범죄,22
강도,2018,1일이내,강력범죄,341
강도,2018,2일이내,강력범죄,36
강도,2018,3일이내,강력범죄,19
강도,2018,10일이내,강력범죄,96
강도,2018,1개월이내,강력범죄,132
강도,2018,3개월이내,강력범죄,84
강도,2018,6개월이내,강력범죄,40
강도,2018,1년이내,강력범죄,16
강도,2018,1년초과,강력범죄,57
강도,2018,미상,강력범죄,0
강간·강제추행,2018,1일이내,강력범죄,0
강간·강제추행,2018,2일이내,강력범죄,0
강간·강제추행,2018,3일이내,강력범죄,0
강간·강제추행,2018,10일이내,강력범죄,0
강간·강제추행,2018,1개월이내,강력범죄,0
강간·강제추행,2018,3개월이내,강력범죄,0
강간·강제추행,2018,6개월이내,강력범죄,0
강간·강제추행,2018,1년이내,강력범죄,0
강간·강제추행,2018,1년초과,강력범죄,0
강간,2018,1일이내,강력범죄,960
강간,2018,2일이내,강력범죄,55
강간,2018,3일이내,강력범죄,66
강간,2018,10일이내,강력범죄,407
강간,2018,1개월이내,강력범죄,1147
강간,2018,3개월이내,강력범죄,1188
강간,2018,6개월이내,강력범죄,408
강간,2018,1년이내,강력범죄,369
강간,2018,1년초과,강력범죄,606
유사강간,2018,1일이내,강력범죄,161
유사강간,2018,2일이내,강력범죄,14
유사강간,2018,3일이내,강력범죄,12
유사강간,2018,10일이내,강력범죄,73
유사강간,2018,1개월이내,강력범죄,161
유사강간,2018,3개월이내,강력범죄,152
유사강간,2018,6개월이내,강력범죄,54
유사강간,2018,1년이내,강력범죄,57
유사강간,2018,1년초과,강력범죄,74
강제추행,2018,1일이내,강력범죄,5776
강제추행,2018,2일이내,강력범죄,147
강제추행,2018,3일이내,강력범죄,223
강제추행,2018,10일이내,강력범죄,1515
강제추행,2018,1개월이내,강력범죄,3554
강제추행,2018,3개월이내,강력범죄,2901
강제추행,2018,6개월이내,강력범죄,766
강제추행,2018,1년이내,강력범죄,573
강제추행,2018,1년초과,강력범죄,869
기타 강간·강제추행등,2018,1일이내,강력범죄,87
기타 강간·강제추행등,2018,2일이내,강력범죄,9
기타 강간·강제추행등,2018,3일이내,강력범죄,7
기타 강간·강제추행등,2018,10일이내,강력범죄,37
기타 강간·강제추행등,2018,1개월이내,강력범죄,51
기타 강간·강제추행등,2018,3개월이내,강력범죄,48
기타 강간·강제추행등,2018,6개월이내,강력범죄,17
기타 강간·강제추행등,2018,1년이내,강력범죄,11
기타 강간·강제추행등,2018,1년초과,강력범죄,89
방화,2018,1일이내,강력범죄,844
방화,2018,2일이내,강력범죄,33
방화,2018,3일이내,강력범죄,27
방화,2018,10일이내,강력범죄,99
방화,2018,1개월이내,강력범죄,148
방화,2018,3개월이내,강력범죄,160
방화,2018,6개월이내,강력범죄,69
방화,2018,1년이내,강력범죄,34
방화,2018,1년초과,강력범죄,150
절도범죄,2018,1일이내,절도범죄,19325
절도범죄,2018,2일이내,절도범죄,3068
절도범죄,2018,3일이내,절도범죄,2985
절도범죄,2018,10일이내,절도범죄,18922
절도범죄,2018,1개월이내,절도범죄,30312
절도범죄,2018,3개월이내,절도범죄,20579
절도범죄,2018,6개월이내,절도범죄,5823
절도범죄,2018,1년이내,절도범죄,2624
절도범죄,2018,1년초과,절도범죄,3031
절도범죄,2018,미상,절도범죄,0
상해,2018,1일이내,폭력범죄,12134
상해,2018,2일이내,폭력범죄,708
상해,2018,3일이내,폭력범죄,1150
상해,2018,10일이내,폭력범죄,7098
상해,2018,1개월이내,폭력범죄,9626
상해,2018,3개월이내,폭력범죄,5479
상해,2018,6개월이내,폭력범죄,1191
상해,2018,1년이내,폭력범죄,619
상해,2018,1년초과,폭력범죄,732
상해,2018,미상,폭력범죄,0
폭행,2018,1일이내,폭력범죄,67956
폭행,2018,2일이내,폭력범죄,3218
폭행,2018,3일이내,폭력범죄,5634
폭행,2018,10일이내,폭력범죄,26804
폭행,2018,1개월이내,폭력범죄,29042
폭행,2018,3개월이내,폭력범죄,14289
폭행,2018,6개월이내,폭력범죄,2596
폭행,2018,1년이내,폭력범죄,994
폭행,2018,1년초과,폭력범죄,851
폭행,2018,미상,폭력범죄,0
체포·감금,2018,1일이내,폭력범죄,478
체포·감금,2018,2일이내,폭력범죄,19
체포·감금,2018,3일이내,폭력범죄,22
체포·감금,2018,10일이내,폭력범죄,130
체포·감금,2018,1개월이내,폭력범죄,177
체포·감금,2018,3개월이내,폭력범죄,162
체포·감금,2018,6개월이내,폭력범죄,63
체포·감금,2018,1년이내,폭력범죄,35
체포·감금,2018,1년초과,폭력범죄,53
협박,2018,1일이내,폭력범죄,5761
협박,2018,2일이내,폭력범죄,269
협박,2018,3일이내,폭력범죄,392
협박,2018,10일이내,폭력범죄,2167
협박,2018,1개월이내,폭력범죄,3435
협박,2018,3개월이내,폭력범죄,2633
협박,2018,6개월이내,폭력범죄,724
협박,2018,1년이내,폭력범죄,402
협박,2018,1년초과,폭력범죄,372
약취·유인,2018,1일이내,폭력범죄,52
약취·유인,2018,2일이내,폭력범죄,6
약취·유인,2018,3일이내,폭력범죄,6
약취·유인,2018,10일이내,폭력범죄,19
약취·유인,2018,1개월이내,폭력범죄,38
약취·유인,2018,3개월이내,폭력범죄,20
약취·유인,2018,6개월이내,폭력범죄,7
약취·유인,2018,1년이내,폭력범죄,7
약취·유인,2018,1년초과,폭력범죄,12
폭력행위등,2018,1일이내,폭력범죄,2595
폭력행위등,2018,2일이내,폭력범죄,124
폭력행위등,2018,3일이내,폭력범죄,168
폭력행위등,2018,10일이내,폭력범죄,1176
폭력행위등,2018,1개월이내,폭력범죄,2048
폭력행위등,2018,3개월이내,폭력범죄,1640
폭력행위등,2018,6개월이내,폭력범죄,467
폭력행위등,2018,1년이내,폭력범죄,209
폭력행위등,2018,1년초과,폭력범죄,267
폭력행위등,2018,미상,폭력범죄,0
공갈,2018,1일이내,폭력범죄,196
공갈,2018,2일이내,폭력범죄,17
공갈,2018,3일이내,폭력범죄,13
공갈,2018,10일이내,폭력범죄,129
공갈,2018,1개월이내,폭력범죄,440
공갈,2018,3개월이내,폭력범죄,730
공갈,2018,6개월이내,폭력범죄,392
공갈,2018,1년이내,폭력범죄,270
공갈,2018,1년초과,폭력범죄,397
손괴,2018,1일이내,폭력범죄,11038
손괴,2018,2일이내,폭력범죄,456
손괴,2018,3일이내,폭력범죄,842
손괴,2018,10일이내,폭력범죄,5172
손괴,2018,1개월이내,폭력범죄,7561
손괴,2018,3개월이내,폭력범죄,5276
손괴,2018,6개월이내,폭력범죄,1277
손괴,2018,1년이내,폭력범죄,564
손괴,2018,1년초과,폭력범죄,540
손괴,2018,미상,폭력범죄,0
직무유기,2018,1일이내,지능범죄,0
직무유기,2018,2일이내,지능범죄,1
직무유기,2018,3일이내,지능범죄,0
직무유기,2018,10일이내,지능범죄,5
직무유기,2018,1개월이내,지능범죄,26
직무유기,2018,3개월이내,지능범죄,75
직무유기,2018,6개월이내,지능범죄,57
직무유기,2018,1년이내,지능범죄,61
직무유기,2018,1년초과,지능범죄,108
직권남용,2018,1일이내,지능범죄,3
직권남용,2018,2일이내,지능범죄,0
직권남용,2018,3일이내,지능범죄,0
직권남용,2018,10일이내,지능범죄,4
직권남용,2018,1개월이내,지능범죄,26
직권남용,2018,3개월이내,지능범죄,103
직권남용,2018,6개월이내,지능범죄,57
직권남용,2018,1년이내,지능범죄,54
직권남용,2018,1년초과,지능범죄,94
증수뢰,2018,1일이내,지능범죄,1
증수뢰,2018,2일이내,지능범죄,0
증수뢰,2018,3일이내,지능범죄,0
증수뢰,2018,10일이내,지능범죄,1
증수뢰,2018,1개월이내,지능범죄,9
증수뢰,2018,3개월이내,지능범죄,32
증수뢰,2018,6개월이내,지능범죄,45
증수뢰,2018,1년이내,지능범죄,49
증수뢰,2018,1년초과,지능범죄,191
통화,2018,1일이내,지능범죄,36
통화,2018,2일이내,지능범죄,3
통화,2018,3일이내,지능범죄,4
통화,2018,10일이내,지능범죄,19
통화,2018,1개월이내,지능범죄,22
통화,2018,3개월이내,지능범죄,31
통화,2018,6개월이내,지능범죄,15
통화,2018,1년이내,지능범죄,13
통화,2018,1년초과,지능범죄,10
문서·인장,2018,1일이내,지능범죄,481
문서·인장,2018,2일이내,지능범죄,39
문서·인장,2018,3일이내,지능범죄,40
문서·인장,2018,10일이내,지능범죄,386
문서·인장,2018,1개월이내,지능범죄,1414
문서·인장,2018,3개월이내,지능범죄,1536
문서·인장,2018,6개월이내,지능범죄,1069
문서·인장,2018,1년이내,지능범죄,1242
문서·인장,2018,1년초과,지능범죄,4587
유가증권인지,2018,1일이내,지능범죄,13
유가증권인지,2018,2일이내,지능범죄,2
유가증권인지,2018,3일이내,지능범죄,2
유가증권인지,2018,10일이내,지능범죄,3
유가증권인지,2018,1개월이내,지능범죄,5
유가증권인지,2018,3개월이내,지능범죄,18
유가증권인지,2018,6개월이내,지능범죄,36
유가증권인지,2018,1년이내,지능범죄,16
유가증권인지,2018,1년초과,지능범죄,58
사기,2018,1일이내,지능범죄,12127
사기,2018,2일이내,지능범죄,532
사기,2018,3일이내,지능범죄,645
사기,2018,10일이내,지능범죄,4822
사기,2018,1개월이내,지능범죄,27244
사기,2018,3개월이내,지능범죄,55120
사기,2018,6개월이내,지능범죄,28422
사기,2018,1년이내,지능범죄,22883
사기,2018,1년초과,지능범죄,50505
사기,2018,미상,지능범죄,0
횡령,2018,1일이내,지능범죄,1400
횡령,2018,2일이내,지능범죄,238
횡령,2018,3일이내,지능범죄,266
횡령,2018,10일이내,지능범죄,2176
횡령,2018,1개월이내,지능범죄,4773
횡령,2018,3개월이내,지능범죄,5108
횡령,2018,6개월이내,지능범죄,2779
횡령,2018,1년이내,지능범죄,2872
횡령,2018,1년초과,지능범죄,7495
횡령,2018,미상,지능범죄,0
배임,2018,1일이내,지능범죄,10
배임,2018,2일이내,지능범죄,4
배임,2018,3일이내,지능범죄,2
배임,2018,10일이내,지능범죄,19
배임,2018,1개월이내,지능범죄,137
배임,2018,3개월이내,지능범죄,543
배임,2018,6개월이내,지능범죄,567
배임,2018,1년이내,지능범죄,546
배임,2018,1년초과,지능범죄,2076
배임,2018,미상,지능범죄,0
성풍속범죄,2018,1일이내,풍속범죄,3798
성풍속범죄,2018,2일이내,풍속범죄,110
성풍속범죄,2018,3일이내,풍속범죄,137
성풍속범죄,2018,10일이내,풍속범죄,870
성풍속범죄,2018,1개월이내,풍속범죄,2148
성풍속범죄,2018,3개월이내,풍속범죄,2774
성풍속범죄,2018,6개월이내,풍속범죄,1139
성풍속범죄,2018,1년이내,풍속범죄,598
성풍속범죄,2018,1년초과,풍속범죄,931
도박범죄,2018,1일이내,풍속범죄,2100
도박범죄,2018,2일이내,풍속범죄,56
도박범죄,2018,3일이내,풍속범죄,78
도박범죄,2018,10일이내,풍속범죄,468
도박범죄,2018,1개월이내,풍속범죄,509
도박범죄,2018,3개월이내,풍속범죄,494
도박범죄,2018,6개월이내,풍속범죄,425
도박범죄,2018,1년이내,풍속범죄,610
도박범죄,2018,1년초과,풍속범죄,1145
특별경제범죄,2018,1일이내,특별경제범죄,14020
특별경제범죄,2018,2일이내,특별경제범죄,220
특별경제범죄,2018,3일이내,특별경제범죄,333
특별경제범죄,2018,10일이내,특별경제범죄,2107
특별경제범죄,2018,1개월이내,특별경제범죄,5980
특별경제범죄,2018,3개월이내,특별경제범죄,9048
특별경제범죄,2018,6개월이내,특별경제범죄,4582
특별경제범죄,2018,1년이내,특별경제범죄,3889
특별경제범죄,2018,1년초과,특별경제범죄,6043
특별경제범죄,2018,미상,특별경제범죄,0
마약범죄,2018,1일이내,마약범죄,1238
마약범죄,2018,2일이내,마약범죄,105
마약범죄,2018,3일이내,마약범죄,94
마약범죄,2018,10일이내,마약범죄,368
마약범죄,2018,1개월이내,마약범죄,728
마약범죄,2018,3개월이내,마약범죄,1426
마약범죄,2018,6개월이내,마약범죄,914
마약범죄,2018,1년이내,마약범죄,677
마약범죄,2018,1년초과,마약범죄,618
마약범죄,2018,미상,마약범죄,0
보건범죄,2018,1일이내,보건범죄,836
보건범죄,2018,2일이내,보건범죄,134
보건범죄,2018,3일이내,보건범죄,144
보건범죄,2018,10일이내,보건범죄,1469
보건범죄,2018,1개월이내,보건범죄,2939
보건범죄,2018,3개월이내,보건범죄,2571
보건범죄,2018,6개월이내,보건범죄,1016
보건범죄,2018,1년이내,보건범죄,574
보건범죄,2018,1년초과,보건범죄,1041
보건범죄,2018,미상,보건범죄,0
환경범죄,2018,1일이내,환경범죄,153
환경범죄,2018,2일이내,환경범죄,32
환경범죄,2018,3일이내,환경범죄,41
환경범죄,2018,10일이내,환경범죄,336
환경범죄,2018,1개월이내,환경범죄,1081
환경범죄,2018,3개월이내,환경범죄,1069
환경범죄,2018,6개월이내,환경범죄,566
환경범죄,2018,1년이내,환경범죄,460
환경범죄,2018,1년초과,환경범죄,924
교통범죄,2018,1일이내,교통범죄,243517
교통범죄,2018,2일이내,교통범죄,12616
교통범죄,2018,3일이내,교통범죄,14479
교통범죄,2018,10일이내,교통범죄,57710
교통범죄,2018,1개월이내,교통범죄,45890
교통범죄,2018,3개월이내,교통범죄,16997
교통범죄,2018,6개월이내,교통범죄,2877
교통범죄,2018,1년이내,교통범죄,1420
교통범죄,2018,1년초과,교통범죄,1771
교통범죄,2018,미상,교통범죄,0
노동범죄,2018,1일이내,노동범죄,57
노동범죄,2018,2일이내,노동범죄,4
노동범죄,2018,3일이내,노동범죄,5
노동범죄,2018,10일이내,노동범죄,57
노동범죄,2018,1개월이내,노동범죄,102
노동범죄,2018,3개월이내,노동범죄,180
노동범죄,2018,6개월이내,노동범죄,163
노동범죄,2018,1년이내,노동범죄,338
노동범죄,2018,1년초과,노동범죄,945
안보범죄,2018,1일이내,안보범죄,7
안보범죄,2018,2일이내,안보범죄,0
안보범죄,2018,3일이내,안보범죄,0
안보범죄,2018,10일이내,안보범죄,2
안보범죄,2018,1개월이내,안보범죄,3
안보범죄,2018,3개월이내,안보범죄,6
안보범죄,2018,6개월이내,안보범죄,6
안보범죄,2018,1년이내,안보범죄,5
안보범죄,2018,1년초과,안보범죄,21
선거범죄,2018,1일이내,선거범죄,93
선거범죄,2018,2일이내,선거범죄,12
선거범죄,2018,3일이내,선거범죄,12
선거범죄,2018,10일이내,선거범죄,52
선거범죄,2018,1개월이내,선거범죄,353
선거범죄,2018,3개월이내,선거범죄,696
선거범죄,2018,6개월이내,선거범죄,341
선거범죄,2018,1년이내,선거범죄,122
선거범죄,2018,1년초과,선거범죄,65
병역범죄,2018,1일이내,병역범죄,119
병역범죄,2018,2일이내,병역범죄,77
병역범죄,2018,3일이내,병역범죄,88
병역범죄,2018,10일이내,병역범죄,735
병역범죄,2018,1개월이내,병역범죄,2876
병역범죄,2018,3개월이내,병역범죄,5602
병역범죄,2018,6개월이내,병역범죄,1717
병역범죄,2018,1년이내,병역범죄,876
병역범죄,2018,1년초과,병역범죄,1047
병역범죄,2018,미상,병역범죄,0
기타범죄,2018,1일이내,기타범죄,37044
기타범죄,2018,2일이내,기타범죄,1788
기타범죄,2018,3일이내,기타범죄,2215
기타범죄,2018,10일이내,기타범죄,17184
기타범죄,2018,1개월이내,기타범죄,31874
기타범죄,2018,3개월이내,기타범죄,37918
기타범죄,2018,6개월이내,기타범죄,21090
기타범죄,2018,1년이내,기타범죄,18040
기타범죄,2018,1년초과,기타범죄,31750
기타범죄,2018,미상,기타범죄,0
살인기수,2019,1일이내,강력범죄,176
살인기수,2019,2일이내,강력범죄,18
살인기수,2019,3일이내,강력범죄,7
살인기수,2019,10일이내,강력범죄,23
살인기수,2019,1개월이내,강력범죄,18
살인기수,2019,3개월이내,강력범죄,23
살인기수,2019,6개월이내,강력범죄,13
살인기수,2019,1년이내,강력범죄,5
살인기수,2019,1년초과,강력범죄,16
살인미수등,2019,1일이내,강력범죄,360
살인미수등,2019,2일이내,강력범죄,6
살인미수등,2019,3일이내,강력범죄,4
살인미수등,2019,10일이내,강력범죄,20
살인미수등,2019,1개월이내,강력범죄,26
살인미수등,2019,3개월이내,강력범죄,24
살인미수등,2019,6개월이내,강력범죄,11
살인미수등,2019,1년이내,강력범죄,11
살인미수등,2019,1년초과,강력범죄,19
강도,2019,1일이내,강력범죄,360
강도,2019,2일이내,강력범죄,27
강도,2019,3일이내,강력범죄,33
강도,2019,10일이내,강력범죄,93
강도,2019,1개월이내,강력범죄,102
강도,2019,3개월이내,강력범죄,101
강도,2019,6개월이내,강력범죄,33
강도,2019,1년이내,강력범죄,17
강도,2019,1년초과,강력범죄,35
강도,2019,미상,강력범죄,0
강간·강제추행,2019,1일이내,강력범죄,0
강간·강제추행,2019,2일이내,강력범죄,0
강간·강제추행,2019,3일이내,강력범죄,0
강간·강제추행,2019,10일이내,강력범죄,0
강간·강제추행,2019,1개월이내,강력범죄,0
강간·강제추행,2019,3개월이내,강력범죄,0
강간·강제추행,2019,6개월이내,강력범죄,0
강간·강제추행,2019,1년이내,강력범죄,0
강간·강제추행,2019,1년초과,강력범죄,0
강간,2019,1일이내,강력범죄,950
강간,2019,2일이내,강력범죄,59
강간,2019,3일이내,강력범죄,73
강간,2019,10일이내,강력범죄,387
강간,2019,1개월이내,강력범죄,1162
강간,2019,3개월이내,강력범죄,1268
강간,2019,6개월이내,강력범죄,458
강간,2019,1년이내,강력범죄,297
강간,2019,1년초과,강력범죄,543
유사강간,2019,1일이내,강력범죄,145
유사강간,2019,2일이내,강력범죄,10
유사강간,2019,3일이내,강력범죄,6
유사강간,2019,10일이내,강력범죄,50
유사강간,2019,1개월이내,강력범죄,199
유사강간,2019,3개월이내,강력범죄,188
유사강간,2019,6개월이내,강력범죄,70
유사강간,2019,1년이내,강력범죄,40
유사강간,2019,1년초과,강력범죄,60
강제추행,2019,1일이내,강력범죄,5109
강제추행,2019,2일이내,강력범죄,137
강제추행,2019,3일이내,강력범죄,225
강제추행,2019,10일이내,강력범죄,1474
강제추행,2019,1개월이내,강력범죄,3965
강제추행,2019,3개월이내,강력범죄,3397
강제추행,2019,6개월이내,강력범죄,823
강제추행,2019,1년이내,강력범죄,516
강제추행,2019,1년초과,강력범죄,749
기타 강간·강제추행등,2019,1일이내,강력범죄,91
기타 강간·강제추행등,2019,2일이내,강력범죄,8
기타 강간·강제추행등,2019,3일이내,강력범죄,7
기타 강간·강제추행등,2019,10일이내,강력범죄,25
기타 강간·강제추행등,2019,1개월이내,강력범죄,57
기타 강간·강제추행등,2019,3개월이내,강력범죄,47
기타 강간·강제추행등,2019,6개월이내,강력범죄,21
기타 강간·강제추행등,2019,1년이내,강력범죄,7
기타 강간·강제추행등,2019,1년초과,강력범죄,63
방화,2019,1일이내,강력범죄,773
방화,2019,2일이내,강력범죄,23
방화,2019,3일이내,강력범죄,22
방화,2019,10일이내,강력범죄,94
방화,2019,1개월이내,강력범죄,142
방화,2019,3개월이내,강력범죄,115
방화,2019,6개월이내,강력범죄,43
방화,2019,1년이내,강력범죄,14
방화,2019,1년초과,강력범죄,14
절도범죄,2019,1일이내,절도범죄,18371
절도범죄,2019,2일이내,절도범죄,2896
절도범죄,2019,3일이내,절도범죄,3028
절도범죄,2019,10일이내,절도범죄,20441
절도범죄,2019,1개월이내,절도범죄,33217
절도범죄,2019,3개월이내,절도범죄,23762
절도범죄,2019,6개월이내,절도범죄,6341
절도범죄,2019,1년이내,절도범죄,3064
절도범죄,2019,1년초과,절도범죄,2553
절도범죄,2019,미상,절도범죄,0
상해,2019,1일이내,폭력범죄,10414
상해,2019,2일이내,폭력범죄,659
상해,2019,3일이내,폭력범죄,1128
상해,2019,10일이내,폭력범죄,6702
상해,2019,1개월이내,폭력범죄,9507
상해,2019,3개월이내,폭력범죄,5286
상해,2019,6개월이내,폭력범죄,1107
상해,2019,1년이내,폭력범죄,515
상해,2019,1년초과,폭력범죄,677
상해,2019,미상,폭력범죄,0
폭행,2019,1일이내,폭력범죄,57418
폭행,2019,2일이내,폭력범죄,3154
폭행,2019,3일이내,폭력범죄,5712
폭행,2019,10일이내,폭력범죄,29469
폭행,2019,1개월이내,폭력범죄,33176
폭행,2019,3개월이내,폭력범죄,15978
폭행,2019,6개월이내,폭력범죄,2554
폭행,2019,1년이내,폭력범죄,1063
폭행,2019,1년초과,폭력범죄,937
폭행,2019,미상,폭력범죄,0
체포·감금,2019,1일이내,폭력범죄,436
체포·감금,2019,2일이내,폭력범죄,33
체포·감금,2019,3일이내,폭력범죄,25
체포·감금,2019,10일이내,폭력범죄,147
체포·감금,2019,1개월이내,폭력범죄,220
체포·감금,2019,3개월이내,폭력범죄,180
체포·감금,2019,6개월이내,폭력범죄,49
체포·감금,2019,1년이내,폭력범죄,44
체포·감금,2019,1년초과,폭력범죄,58
협박,2019,1일이내,폭력범죄,6750
협박,2019,2일이내,폭력범죄,285
협박,2019,3일이내,폭력범죄,523
협박,2019,10일이내,폭력범죄,2866
협박,2019,1개월이내,폭력범죄,4488
협박,2019,3개월이내,폭력범죄,3202
협박,2019,6개월이내,폭력범죄,861
협박,2019,1년이내,폭력범죄,431
협박,2019,1년초과,폭력범죄,401
약취·유인,2019,1일이내,폭력범죄,50
약취·유인,2019,2일이내,폭력범죄,7
약취·유인,2019,3일이내,폭력범죄,3
약취·유인,2019,10일이내,폭력범죄,26
약취·유인,2019,1개월이내,폭력범죄,55
약취·유인,2019,3개월이내,폭력범죄,51
약취·유인,2019,6개월이내,폭력범죄,15
약취·유인,2019,1년이내,폭력범죄,5
약취·유인,2019,1년초과,폭력범죄,12
폭력행위등,2019,1일이내,폭력범죄,2043
폭력행위등,2019,2일이내,폭력범죄,98
폭력행위등,2019,3일이내,폭력범죄,157
폭력행위등,2019,10일이내,폭력범죄,1084
폭력행위등,2019,1개월이내,폭력범죄,1956
폭력행위등,2019,3개월이내,폭력범죄,1668
폭력행위등,2019,6개월이내,폭력범죄,453
폭력행위등,2019,1년이내,폭력범죄,234
폭력행위등,2019,1년초과,폭력범죄,252
폭력행위등,2019,미상,폭력범죄,0
공갈,2019,1일이내,폭력범죄,186
공갈,2019,2일이내,폭력범죄,27
공갈,2019,3일이내,폭력범죄,29
공갈,2019,10일이내,폭력범죄,160
공갈,2019,1개월이내,폭력범죄,463
공갈,2019,3개월이내,폭력범죄,888
공갈,2019,6개월이내,폭력범죄,602
공갈,2019,1년이내,폭력범죄,326
공갈,2019,1년초과,폭력범죄,350
손괴,2019,1일이내,폭력범죄,10371
손괴,2019,2일이내,폭력범죄,566
손괴,2019,3일이내,폭력범죄,852
손괴,2019,10일이내,폭력범죄,5771
손괴,2019,1개월이내,폭력범죄,8894
손괴,2019,3개월이내,폭력범죄,6189
손괴,2019,6개월이내,폭력범죄,1441
손괴,2019,1년이내,폭력범죄,575
손괴,2019,1년초과,폭력범죄,563
손괴,2019,미상,폭력범죄,0
직무유기,2019,1일이내,지능범죄,2
직무유기,2019,2일이내,지능범죄,0
직무유기,2019,3일이내,지능범죄,0
직무유기,2019,10일이내,지능범죄,2
직무유기,2019,1개월이내,지능범죄,29
직무유기,2019,3개월이내,지능범죄,86
직무유기,2019,6개월이내,지능범죄,65
직무유기,2019,1년이내,지능범죄,42
직무유기,2019,1년초과,지능범죄,101
직권남용,2019,1일이내,지능범죄,2
직권남용,2019,2일이내,지능범죄,0
직권남용,2019,3일이내,지능범죄,0
직권남용,2019,10일이내,지능범죄,2
직권남용,2019,1개월이내,지능범죄,27
직권남용,2019,3개월이내,지능범죄,128
직권남용,2019,6개월이내,지능범죄,82
직권남용,2019,1년이내,지능범죄,62
직권남용,2019,1년초과,지능범죄,96
증수뢰,2019,1일이내,지능범죄,2
증수뢰,2019,2일이내,지능범죄,0
증수뢰,2019,3일이내,지능범죄,0
증수뢰,2019,10일이내,지능범죄,3
증수뢰,2019,1개월이내,지능범죄,8
증수뢰,2019,3개월이내,지능범죄,30
증수뢰,2019,6개월이내,지능범죄,26
증수뢰,2019,1년이내,지능범죄,30
증수뢰,2019,1년초과,지능범죄,141
통화,2019,1일이내,지능범죄,19
통화,2019,2일이내,지능범죄,7
통화,2019,3일이내,지능범죄,4
통화,2019,10일이내,지능범죄,17
통화,2019,1개월이내,지능범죄,23
통화,2019,3개월이내,지능범죄,23
통화,2019,6개월이내,지능범죄,6
통화,2019,1년이내,지능범죄,4
통화,2019,1년초과,지능범죄,4
문서·인장,2019,1일이내,지능범죄,432
문서·인장,2019,2일이내,지능범죄,45
문서·인장,2019,3일이내,지능범죄,55
문서·인장,2019,10일이내,지능범죄,473
문서·인장,2019,1개월이내,지능범죄,1095
문서·인장,2019,3개월이내,지능범죄,1654
문서·인장,2019,6개월이내,지능범죄,1121
문서·인장,2019,1년이내,지능범죄,1151
문서·인장,2019,1년초과,지능범죄,3584
유가증권인지,2019,1일이내,지능범죄,1
유가증권인지,2019,2일이내,지능범죄,1
유가증권인지,2019,3일이내,지능범죄,0
유가증권인지,2019,10일이내,지능범죄,3
유가증권인지,2019,1개월이내,지능범죄,7
유가증권인지,2019,3개월이내,지능범죄,17
유가증권인지,2019,6개월이내,지능범죄,11
유가증권인지,2019,1년이내,지능범죄,12
유가증권인지,2019,1년초과,지능범죄,51
사기,2019,1일이내,지능범죄,12011
사기,2019,2일이내,지능범죄,664
사기,2019,3일이내,지능범죄,692
사기,2019,10일이내,지능범죄,6075
사기,2019,1개월이내,지능범죄,33743
사기,2019,3개월이내,지능범죄,68132
사기,2019,6개월이내,지능범죄,33317
사기,2019,1년이내,지능범죄,23697
사기,2019,1년초과,지능범죄,46790
사기,2019,미상,지능범죄,0
횡령,2019,1일이내,지능범죄,1371
횡령,2019,2일이내,지능범죄,260
횡령,2019,3일이내,지능범죄,269
횡령,2019,10일이내,지능범죄,2495
횡령,2019,1개월이내,지능범죄,5420
횡령,2019,3개월이내,지능범죄,5793
횡령,2019,6개월이내,지능범죄,2775
횡령,2019,1년이내,지능범죄,2466
횡령,2019,1년초과,지능범죄,6242
횡령,2019,미상,지능범죄,0
배임,2019,1일이내,지능범죄,12
배임,2019,2일이내,지능범죄,6
배임,2019,3일이내,지능범죄,1
배임,2019,10일이내,지능범죄,29
배임,2019,1개월이내,지능범죄,168
배임,2019,3개월이내,지능범죄,508
배임,2019,6개월이내,지능범죄,398
배임,2019,1년이내,지능범죄,539
배임,2019,1년초과,지능범죄,2404
배임,2019,미상,지능범죄,0
성풍속범죄,2019,1일이내,풍속범죄,3432
성풍속범죄,2019,2일이내,풍속범죄,95
성풍속범죄,2019,3일이내,풍속범죄,118
성풍속범죄,2019,10일이내,풍속범죄,838
성풍속범죄,2019,1개월이내,풍속범죄,1888
성풍속범죄,2019,3개월이내,풍속범죄,2420
성풍속범죄,2019,6개월이내,풍속범죄,1161
성풍속범죄,2019,1년이내,풍속범죄,712
성풍속범죄,2019,1년초과,풍속범죄,788
도박범죄,2019,1일이내,풍속범죄,2076
도박범죄,2019,2일이내,풍속범죄,77
도박범죄,2019,3일이내,풍속범죄,91
도박범죄,2019,10일이내,풍속범죄,526
도박범죄,2019,1개월이내,풍속범죄,768
도박범죄,2019,3개월이내,풍속범죄,902
도박범죄,2019,6개월이내,풍속범죄,1132
도박범죄,2019,1년이내,풍속범죄,1101
도박범죄,2019,1년초과,풍속범죄,1154
특별경제범죄,2019,1일이내,특별경제범죄,13273
특별경제범죄,2019,2일이내,특별경제범죄,280
특별경제범죄,2019,3일이내,특별경제범죄,346
특별경제범죄,2019,10일이내,특별경제범죄,2516
특별경제범죄,2019,1개월이내,특별경제범죄,6948
특별경제범죄,2019,3개월이내,특별경제범죄,9351
특별경제범죄,2019,6개월이내,특별경제범죄,4475
특별경제범죄,2019,1년이내,특별경제범죄,2858
특별경제범죄,2019,1년초과,특별경제범죄,4831
특별경제범죄,2019,미상,특별경제범죄,0
마약범죄,2019,1일이내,마약범죄,1561
마약범죄,2019,2일이내,마약범죄,120
마약범죄,2019,3일이내,마약범죄,88
마약범죄,2019,10일이내,마약범죄,424
마약범죄,2019,1개월이내,마약범죄,949
마약범죄,2019,3개월이내,마약범죄,1680
마약범죄,2019,6개월이내,마약범죄,1134
마약범죄,2019,1년이내,마약범죄,972
마약범죄,2019,1년초과,마약범죄,660
마약범죄,2019,미상,마약범죄,0
보건범죄,2019,1일이내,보건범죄,1068
보건범죄,2019,2일이내,보건범죄,168
보건범죄,2019,3일이내,보건범죄,206
보건범죄,2019,10일이내,보건범죄,1828
보건범죄,2019,1개월이내,보건범죄,3467
보건범죄,2019,3개월이내,보건범죄,2903
보건범죄,2019,6개월이내,보건범죄,1136
보건범죄,2019,1년이내,보건범죄,615
보건범죄,2019,1년초과,보건범죄,898
보건범죄,2019,미상,보건범죄,0
환경범죄,2019,1일이내,환경범죄,165
환경범죄,2019,2일이내,환경범죄,41
환경범죄,2019,3일이내,환경범죄,49
환경범죄,2019,10일이내,환경범죄,451
환경범죄,2019,1개월이내,환경범죄,1139
환경범죄,2019,3개월이내,환경범죄,1108
환경범죄,2019,6개월이내,환경범죄,329
환경범죄,2019,1년이내,환경범죄,197
환경범죄,2019,1년초과,환경범죄,237
교통범죄,2019,1일이내,교통범죄,212575
교통범죄,2019,2일이내,교통범죄,11124
교통범죄,2019,3일이내,교통범죄,13470
교통범죄,2019,10일이내,교통범죄,58549
교통범죄,2019,1개월이내,교통범죄,49544
교통범죄,2019,3개월이내,교통범죄,17682
교통범죄,2019,6개월이내,교통범죄,2427
교통범죄,2019,1년이내,교통범죄,1102
교통범죄,2019,1년초과,교통범죄,1129
교통범죄,2019,미상,교통범죄,0
노동범죄,2019,1일이내,노동범죄,36
노동범죄,2019,2일이내,노동범죄,3
노동범죄,2019,3일이내,노동범죄,5
노동범죄,2019,10일이내,노동범죄,40
노동범죄,2019,1개월이내,노동범죄,94
노동범죄,2019,3개월이내,노동범죄,153
노동범죄,2019,6개월이내,노동범죄,103
노동범죄,2019,1년이내,노동범죄,140
노동범죄,2019,1년초과,노동범죄,358
안보범죄,2019,1일이내,안보범죄,15
안보범죄,2019,2일이내,안보범죄,1
안보범죄,2019,3일이내,안보범죄,0
안보범죄,2019,10일이내,안보범죄,2
안보범죄,2019,1개월이내,안보범죄,7
안보범죄,2019,3개월이내,안보범죄,8
안보범죄,2019,6개월이내,안보범죄,19
안보범죄,2019,1년이내,안보범죄,25
안보범죄,2019,1년초과,안보범죄,79
선거범죄,2019,1일이내,선거범죄,10
선거범죄,2019,2일이내,선거범죄,0
선거범죄,2019,3일이내,선거범죄,3
선거범죄,2019,10일이내,선거범죄,13
선거범죄,2019,1개월이내,선거범죄,68
선거범죄,2019,3개월이내,선거범죄,223
선거범죄,2019,6개월이내,선거범죄,150
선거범죄,2019,1년이내,선거범죄,66
선거범죄,2019,1년초과,선거범죄,54
병역범죄,2019,1일이내,병역범죄,148
병역범죄,2019,2일이내,병역범죄,116
병역범죄,2019,3일이내,병역범죄,121
병역범죄,2019,10일이내,병역범죄,989
병역범죄,2019,1개월이내,병역범죄,2795
병역범죄,2019,3개월이내,병역범죄,4552
병역범죄,2019,6개월이내,병역범죄,1365
병역범죄,2019,1년이내,병역범죄,770
병역범죄,2019,1년초과,병역범죄,886
병역범죄,2019,미상,병역범죄,0
기타범죄,2019,1일이내,기타범죄,36444
기타범죄,2019,2일이내,기타범죄,2066
기타범죄,2019,3일이내,기타범죄,2380
기타범죄,2019,10일이내,기타범죄,19469
기타범죄,2019,1개월이내,기타범죄,35615
기타범죄,2019,3개월이내,기타범죄,44738
기타범죄,2019,6개월이내,기타범죄,24631
기타범죄,2019,1년이내,기타범죄,20338
기타범죄,2019,1년초과,기타범죄,29284
기타범죄,2019,미상,기타범죄,0
살인기수,2020,1일이내,강력범죄,185
살인기수,2020,2일이내,강력범죄,18
살인기수,2020,3일이내,강력범죄,9
살인기수,2020,10일이내,강력범죄,20
살인기수,2020,1개월이내,강력범죄,13
살인기수,2020,3개월이내,강력범죄,22
살인기수,2020,6개월이내,강력범죄,14
살인기수,2020,1년이내,강력범죄,6
살인기수,2020,1년초과,강력범죄,12
살인미수등,2020,1일이내,강력범죄,286
살인미수등,2020,2일이내,강력범죄,9
살인미수등,2020,3일이내,강력범죄,8
살인미수등,2020,10일이내,강력범죄,25
살인미수등,2020,1개월이내,강력범죄,19
살인미수등,2020,3개월이내,강력범죄,24
살인미수등,2020,6개월이내,강력범죄,10
살인미수등,2020,1년이내,강력범죄,7
살인미수등,2020,1년초과,강력범죄,18
강도,2020,1일이내,강력범죄,271
강도,2020,2일이내,강력범죄,26
강도,2020,3일이내,강력범죄,16
강도,2020,10일이내,강력범죄,64
강도,2020,1개월이내,강력범죄,85
강도,2020,3개월이내,강력범죄,92
강도,2020,6개월이내,강력범죄,49
강도,2020,1년이내,강력범죄,25
강도,2020,1년초과,강력범죄,30
강도,2020,미상,강력범죄,0
강간·강제추행,2020,1일이내,강력범죄,0
강간·강제추행,2020,2일이내,강력범죄,0
강간·강제추행,2020,3일이내,강력범죄,0
강간·강제추행,2020,10일이내,강력범죄,0
강간·강제추행,2020,1개월이내,강력범죄,0
강간·강제추행,2020,3개월이내,강력범죄,0
강간·강제추행,2020,6개월이내,강력범죄,0
강간·강제추행,2020,1년이내,강력범죄,0
강간·강제추행,2020,1년초과,강력범죄,0
강간,2020,1일이내,강력범죄,721
강간,2020,2일이내,강력범죄,54
강간,2020,3일이내,강력범죄,57
강간,2020,10일이내,강력범죄,332
강간,2020,1개월이내,강력범죄,1073
강간,2020,3개월이내,강력범죄,1528
강간,2020,6개월이내,강력범죄,466
강간,2020,1년이내,강력범죄,336
강간,2020,1년초과,강력범죄,616
유사강간,2020,1일이내,강력범죄,118
유사강간,2020,2일이내,강력범죄,11
유사강간,2020,3일이내,강력범죄,9
유사강간,2020,10일이내,강력범죄,60
유사강간,2020,1개월이내,강력범죄,189
유사강간,2020,3개월이내,강력범죄,226
유사강간,2020,6개월이내,강력범죄,70
유사강간,2020,1년이내,강력범죄,39
유사강간,2020,1년초과,강력범죄,74
강제추행,2020,1일이내,강력범죄,3422
강제추행,2020,2일이내,강력범죄,134
강제추행,2020,3일이내,강력범죄,155
강제추행,2020,10일이내,강력범죄,1278
강제추행,2020,1개월이내,강력범죄,3888
강제추행,2020,3개월이내,강력범죄,3727
강제추행,2020,6개월이내,강력범죄,920
강제추행,2020,1년이내,강력범죄,511
강제추행,2020,1년초과,강력범죄,829
기타 강간·강제추행등,2020,1일이내,강력범죄,43
기타 강간·강제추행등,2020,2일이내,강력범죄,7
기타 강간·강제추행등,2020,3일이내,강력범죄,5
기타 강간·강제추행등,2020,10일이내,강력범죄,18
기타 강간·강제추행등,2020,1개월이내,강력범죄,35
기타 강간·강제추행등,2020,3개월이내,강력범죄,42
기타 강간·강제추행등,2020,6개월이내,강력범죄,23
기타 강간·강제추행등,2020,1년이내,강력범죄,13
기타 강간·강제추행등,2020,1년초과,강력범죄,49
방화,2020,1일이내,강력범죄,639
방화,2020,2일이내,강력범죄,24
방화,2020,3일이내,강력범죄,28
방화,2020,10일이내,강력범죄,112
방화,2020,1개월이내,강력범죄,146
방화,2020,3개월이내,강력범죄,115
방화,2020,6개월이내,강력범죄,37
방화,2020,1년이내,강력범죄,7
방화,2020,1년초과,강력범죄,7
절도범죄,2020,1일이내,절도범죄,15691
절도범죄,2020,2일이내,절도범죄,2589
절도범죄,2020,3일이내,절도범죄,2873
절도범죄,2020,10일이내,절도범죄,20244
절도범죄,2020,1개월이내,절도범죄,33052
절도범죄,2020,3개월이내,절도범죄,24691
절도범죄,2020,6개월이내,절도범죄,7048
절도범죄,2020,1년이내,절도범죄,2825
절도범죄,2020,1년초과,절도범죄,2233
절도범죄,2020,미상,절도범죄,0
상해,2020,1일이내,폭력범죄,7833
상해,2020,2일이내,폭력범죄,539
상해,2020,3일이내,폭력범죄,896
상해,2020,10일이내,폭력범죄,6082
상해,2020,1개월이내,폭력범죄,9006
상해,2020,3개월이내,폭력범죄,5461
상해,2020,6개월이내,폭력범죄,1139
상해,2020,1년이내,폭력범죄,485
상해,2020,1년초과,폭력범죄,601
상해,2020,미상,폭력범죄,0
폭행,2020,1일이내,폭력범죄,40619
폭행,2020,2일이내,폭력범죄,2731
폭행,2020,3일이내,폭력범죄,5159
폭행,2020,10일이내,폭력범죄,28119
폭행,2020,1개월이내,폭력범죄,34047
폭행,2020,3개월이내,폭력범죄,16941
폭행,2020,6개월이내,폭력범죄,2867
폭행,2020,1년이내,폭력범죄,991
폭행,2020,1년초과,폭력범죄,878
폭행,2020,미상,폭력범죄,0
체포·감금,2020,1일이내,폭력범죄,349
체포·감금,2020,2일이내,폭력범죄,15
체포·감금,2020,3일이내,폭력범죄,21
체포·감금,2020,10일이내,폭력범죄,160
체포·감금,2020,1개월이내,폭력범죄,224
체포·감금,2020,3개월이내,폭력범죄,206
체포·감금,2020,6개월이내,폭력범죄,75
체포·감금,2020,1년이내,폭력범죄,35
체포·감금,2020,1년초과,폭력범죄,54
협박,2020,1일이내,폭력범죄,5689
협박,2020,2일이내,폭력범죄,292
협박,2020,3일이내,폭력범죄,429
협박,2020,10일이내,폭력범죄,2918
협박,2020,1개월이내,폭력범죄,4860
협박,2020,3개월이내,폭력범죄,3761
협박,2020,6개월이내,폭력범죄,996
협박,2020,1년이내,폭력범죄,471
협박,2020,1년초과,폭력범죄,460
약취·유인,2020,1일이내,폭력범죄,34
약취·유인,2020,2일이내,폭력범죄,2
약취·유인,2020,3일이내,폭력범죄,7
약취·유인,2020,10일이내,폭력범죄,20
약취·유인,2020,1개월이내,폭력범죄,38
약취·유인,2020,3개월이내,폭력범죄,46
약취·유인,2020,6개월이내,폭력범죄,17
약취·유인,2020,1년이내,폭력범죄,9
약취·유인,2020,1년초과,폭력범죄,13
폭력행위등,2020,1일이내,폭력범죄,1439
폭력행위등,2020,2일이내,폭력범죄,66
폭력행위등,2020,3일이내,폭력범죄,120
폭력행위등,2020,10일이내,폭력범죄,920
폭력행위등,2020,1개월이내,폭력범죄,1849
폭력행위등,2020,3개월이내,폭력범죄,1711
폭력행위등,2020,6개월이내,폭력범죄,489
폭력행위등,2020,1년이내,폭력범죄,229
폭력행위등,2020,1년초과,폭력범죄,250
폭력행위등,2020,미상,폭력범죄,0
공갈,2020,1일이내,폭력범죄,144
공갈,2020,2일이내,폭력범죄,21
공갈,2020,3일이내,폭력범죄,14
공갈,2020,10일이내,폭력범죄,91
공갈,2020,1개월이내,폭력범죄,378
공갈,2020,3개월이내,폭력범죄,794
공갈,2020,6개월이내,폭력범죄,537
공갈,2020,1년이내,폭력범죄,325
공갈,2020,1년초과,폭력범죄,375
손괴,2020,1일이내,폭력범죄,8521
손괴,2020,2일이내,폭력범죄,506
손괴,2020,3일이내,폭력범죄,832
손괴,2020,10일이내,폭력범죄,6132
손괴,2020,1개월이내,폭력범죄,9620
손괴,2020,3개월이내,폭력범죄,7084
손괴,2020,6개월이내,폭력범죄,1582
손괴,2020,1년이내,폭력범죄,592
손괴,2020,1년초과,폭력범죄,557
손괴,2020,미상,폭력범죄,0
직무유기,2020,1일이내,지능범죄,0
직무유기,2020,2일이내,지능범죄,0
직무유기,2020,3일이내,지능범죄,0
직무유기,2020,10일이내,지능범죄,1
직무유기,2020,1개월이내,지능범죄,25
직무유기,2020,3개월이내,지능범죄,114
직무유기,2020,6개월이내,지능범죄,60
직무유기,2020,1년이내,지능범죄,66
직무유기,2020,1년초과,지능범죄,95
직권남용,2020,1일이내,지능범죄,2
직권남용,2020,2일이내,지능범죄,1
직권남용,2020,3일이내,지능범죄,2
직권남용,2020,10일이내,지능범죄,11
직권남용,2020,1개월이내,지능범죄,31
직권남용,2020,3개월이내,지능범죄,119
직권남용,2020,6개월이내,지능범죄,68
직권남용,2020,1년이내,지능범죄,60
직권남용,2020,1년초과,지능범죄,115
증수뢰,2020,1일이내,지능범죄,3
증수뢰,2020,2일이내,지능범죄,0
증수뢰,2020,3일이내,지능범죄,0
증수뢰,2020,10일이내,지능범죄,1
증수뢰,2020,1개월이내,지능범죄,7
증수뢰,2020,3개월이내,지능범죄,33
증수뢰,2020,6개월이내,지능범죄,19
증수뢰,2020,1년이내,지능범죄,44
증수뢰,2020,1년초과,지능범죄,152
통화,2020,1일이내,지능범죄,11
통화,2020,2일이내,지능범죄,2
통화,2020,3일이내,지능범죄,2
통화,2020,10일이내,지능범죄,9
통화,2020,1개월이내,지능범죄,13
통화,2020,3개월이내,지능범죄,14
통화,2020,6개월이내,지능범죄,9
통화,2020,1년이내,지능범죄,1
통화,2020,1년초과,지능범죄,2
문서·인장,2020,1일이내,지능범죄,344
문서·인장,2020,2일이내,지능범죄,40
문서·인장,2020,3일이내,지능범죄,48
문서·인장,2020,10일이내,지능범죄,411
문서·인장,2020,1개월이내,지능범죄,1080
문서·인장,2020,3개월이내,지능범죄,1661
문서·인장,2020,6개월이내,지능범죄,1121
문서·인장,2020,1년이내,지능범죄,1112
문서·인장,2020,1년초과,지능범죄,3238
유가증권인지,2020,1일이내,지능범죄,2
유가증권인지,2020,2일이내,지능범죄,0
유가증권인지,2020,3일이내,지능범죄,0
유가증권인지,2020,10일이내,지능범죄,3
유가증권인지,2020,1개월이내,지능범죄,6
유가증권인지,2020,3개월이내,지능범죄,9
유가증권인지,2020,6개월이내,지능범죄,5
유가증권인지,2020,1년이내,지능범죄,12
유가증권인지,2020,1년초과,지능범죄,31
사기,2020,1일이내,지능범죄,10824
사기,2020,2일이내,지능범죄,1024
사기,2020,3일이내,지능범죄,976
사기,2020,10일이내,지능범죄,8093
사기,2020,1개월이내,지능범죄,33552
사기,2020,3개월이내,지능범죄,74422
사기,2020,6개월이내,지능범죄,40292
사기,2020,1년이내,지능범죄,24096
사기,2020,1년초과,지능범죄,44128
사기,2020,미상,지능범죄,0
횡령,2020,1일이내,지능범죄,1235
횡령,2020,2일이내,지능범죄,239
횡령,2020,3일이내,지능범죄,316
횡령,2020,10일이내,지능범죄,2590
횡령,2020,1개월이내,지능범죄,5764
횡령,2020,3개월이내,지능범죄,6387
횡령,2020,6개월이내,지능범죄,2796
횡령,2020,1년이내,지능범죄,2393
횡령,2020,1년초과,지능범죄,6163
횡령,2020,미상,지능범죄,0
배임,2020,1일이내,지능범죄,10
배임,2020,2일이내,지능범죄,1
배임,2020,3일이내,지능범죄,0
배임,2020,10일이내,지능범죄,24
배임,2020,1개월이내,지능범죄,177
배임,2020,3개월이내,지능범죄,502
배임,2020,6개월이내,지능범죄,407
배임,2020,1년이내,지능범죄,458
배임,2020,1년초과,지능범죄,1966
배임,2020,미상,지능범죄,0
성풍속범죄,2020,1일이내,풍속범죄,2714
성풍속범죄,2020,2일이내,풍속범죄,242
성풍속범죄,2020,3일이내,풍속범죄,183
성풍속범죄,2020,10일이내,풍속범죄,894
성풍속범죄,2020,1개월이내,풍속범죄,2084
성풍속범죄,2020,3개월이내,풍속범죄,3167
성풍속범죄,2020,6개월이내,풍속범죄,1467
성풍속범죄,2020,1년이내,풍속범죄,1082
성풍속범죄,2020,1년초과,풍속범죄,792
도박범죄,2020,1일이내,풍속범죄,2146
도박범죄,2020,2일이내,풍속범죄,54
도박범죄,2020,3일이내,풍속범죄,91
도박범죄,2020,10일이내,풍속범죄,494
도박범죄,2020,1개월이내,풍속범죄,608
도박범죄,2020,3개월이내,풍속범죄,855
도박범죄,2020,6개월이내,풍속범죄,840
도박범죄,2020,1년이내,풍속범죄,1487
도박범죄,2020,1년초과,풍속범죄,1314
특별경제범죄,2020,1일이내,특별경제범죄,11024
특별경제범죄,2020,2일이내,특별경제범죄,241
특별경제범죄,2020,3일이내,특별경제범죄,337
특별경제범죄,2020,10일이내,특별경제범죄,2635
특별경제범죄,2020,1개월이내,특별경제범죄,6530
특별경제범죄,2020,3개월이내,특별경제범죄,9390
특별경제범죄,2020,6개월이내,특별경제범죄,4263
특별경제범죄,2020,1년이내,특별경제범죄,2826
특별경제범죄,2020,1년초과,특별경제범죄,4556
특별경제범죄,2020,미상,특별경제범죄,0
마약범죄,2020,1일이내,마약범죄,1776
마약범죄,2020,2일이내,마약범죄,135
마약범죄,2020,3일이내,마약범죄,108
마약범죄,2020,10일이내,마약범죄,483
마약범죄,2020,1개월이내,마약범죄,1133
마약범죄,2020,3개월이내,마약범죄,1841
마약범죄,2020,6개월이내,마약범죄,1269
마약범죄,2020,1년이내,마약범죄,1085
마약범죄,2020,1년초과,마약범죄,877
마약범죄,2020,미상,마약범죄,0
보건범죄,2020,1일이내,보건범죄,946
보건범죄,2020,2일이내,보건범죄,218
보건범죄,2020,3일이내,보건범죄,248
보건범죄,2020,10일이내,보건범죄,2381
보건범죄,2020,1개월이내,보건범죄,4318
보건범죄,2020,3개월이내,보건범죄,3347
보건범죄,2020,6개월이내,보건범죄,1138
보건범죄,2020,1년이내,보건범죄,849
보건범죄,2020,1년초과,보건범죄,676
보건범죄,2020,미상,보건범죄,0
환경범죄,2020,1일이내,환경범죄,118
환경범죄,2020,2일이내,환경범죄,34
환경범죄,2020,3일이내,환경범죄,47
환경범죄,2020,10일이내,환경범죄,395
환경범죄,2020,1개월이내,환경범죄,1012
환경범죄,2020,3개월이내,환경범죄,985
환경범죄,2020,6개월이내,환경범죄,397
환경범죄,2020,1년이내,환경범죄,175
환경범죄,2020,1년초과,환경범죄,187
교통범죄,2020,1일이내,교통범죄,185328
교통범죄,2020,2일이내,교통범죄,10051
교통범죄,2020,3일이내,교통범죄,12468
교통범죄,2020,10일이내,교통범죄,56733
교통범죄,2020,1개월이내,교통범죄,51175
교통범죄,2020,3개월이내,교통범죄,19430
교통범죄,2020,6개월이내,교통범죄,2695
교통범죄,2020,1년이내,교통범죄,1035
교통범죄,2020,1년초과,교통범죄,1006
교통범죄,2020,미상,교통범죄,0
노동범죄,2020,1일이내,노동범죄,21
노동범죄,2020,2일이내,노동범죄,2
노동범죄,2020,3일이내,노동범죄,3
노동범죄,2020,10일이내,노동범죄,26
노동범죄,2020,1개월이내,노동범죄,49
노동범죄,2020,3개월이내,노동범죄,66
노동범죄,2020,6개월이내,노동범죄,36
노동범죄,2020,1년이내,노동범죄,40
노동범죄,2020,1년초과,노동범죄,76
안보범죄,2020,1일이내,안보범죄,5
안보범죄,2020,2일이내,안보범죄,0
안보범죄,2020,3일이내,안보범죄,0
안보범죄,2020,10일이내,안보범죄,2
안보범죄,2020,1개월이내,안보범죄,13
안보범죄,2020,3개월이내,안보범죄,7
안보범죄,2020,6개월이내,안보범죄,24
안보범죄,2020,1년이내,안보범죄,41
안보범죄,2020,1년초과,안보범죄,74
선거범죄,2020,1일이내,선거범죄,81
선거범죄,2020,2일이내,선거범죄,8
선거범죄,2020,3일이내,선거범죄,10
선거범죄,2020,10일이내,선거범죄,42
선거범죄,2020,1개월이내,선거범죄,127
선거범죄,2020,3개월이내,선거범죄,254
선거범죄,2020,6개월이내,선거범죄,138
선거범죄,2020,1년이내,선거범죄,43
선거범죄,2020,1년초과,선거범죄,28
병역범죄,2020,1일이내,병역범죄,22
병역범죄,2020,2일이내,병역범죄,16
병역범죄,2020,3일이내,병역범죄,16
병역범죄,2020,10일이내,병역범죄,159
병역범죄,2020,1개월이내,병역범죄,509
병역범죄,2020,3개월이내,병역범죄,944
병역범죄,2020,6개월이내,병역범죄,516
병역범죄,2020,1년이내,병역범죄,369
병역범죄,2020,1년초과,병역범죄,481
병역범죄,2020,미상,병역범죄,0
기타범죄,2020,1일이내,기타범죄,32029
기타범죄,2020,2일이내,기타범죄,1826
기타범죄,2020,3일이내,기타범죄,2624
기타범죄,2020,10일이내,기타범죄,19218
기타범죄,2020,1개월이내,기타범죄,36241
기타범죄,2020,3개월이내,기타범죄,44181
기타범죄,2020,6개월이내,기타범죄,23193
기타범죄,2020,1년이내,기타범죄,20119
기타범죄,2020,1년초과,기타범죄,32410
기타범죄,2020,미상,기타범죄,0
