"특성별(1)","특성별(2)","특성별(3)",특성별(4),배달앱및대행별(1),이용여부및비용별(1),이용여부및비용별(2),2019,2020
"전체","소계","소계",소계,배달앱,이용여부 (%),예,11.2,19.9
"전체","소계","소계",소계,배달앱,이용여부 (%),아니오,88.8,80.1
"전체","소계","소계",소계,배달앱,월평균 비용,5만원 미만 (%),4.7,5.6
"전체","소계","소계",소계,배달앱,월평균 비용,5만원~15만원 미만 (%),23.0,24.9
"전체","소계","소계",소계,배달앱,월평균 비용,15만원~50만원 미만 (%),55.6,47.1
"전체","소계","소계",소계,배달앱,월평균 비용,50만원 이상 (%),16.8,18.3
"전체","소계","소계",소계,배달앱,월평균 비용,모름 (%),-,4.2
"전체","소계","소계",소계,배달앱,월평균 비용,평균 (원),318230.4,360436.1
"전체","소계","소계",소계,배달대행,이용여부 (%),예,10.0,15.4
"전체","소계","소계",소계,배달대행,이용여부 (%),아니오,90.0,84.6
"전체","소계","소계",소계,배달대행,월평균 비용,5만원 미만 (%),7.1,7.2
"전체","소계","소계",소계,배달대행,월평균 비용,5만원~15만원 미만 (%),17.5,13.7
"전체","소계","소계",소계,배달대행,월평균 비용,15만원~50만원 미만 (%),37.1,38.0
"전체","소계","소계",소계,배달대행,월평균 비용,50만원 이상 (%),38.3,36.6
"전체","소계","소계",소계,배달대행,월평균 비용,모름 (%),-,4.4
"전체","소계","소계",소계,배달대행,월평균 비용,평균 (원),611564.5,1140045.3
"업종별","일반음식점","소계",소계,배달앱,이용여부 (%),예,9.4,17.0
"업종별","일반음식점","소계",소계,배달앱,이용여부 (%),아니오,90.6,83.0
"업종별","일반음식점","소계",소계,배달앱,월평균 비용,5만원 미만 (%),4.1,5.9
"업종별","일반음식점","소계",소계,배달앱,월평균 비용,5만원~15만원 미만 (%),27.1,22.4
"업종별","일반음식점","소계",소계,배달앱,월평균 비용,15만원~50만원 미만 (%),48.1,51.2
"업종별","일반음식점","소계",소계,배달앱,월평균 비용,50만원 이상 (%),20.7,16.4
"업종별","일반음식점","소계",소계,배달앱,월평균 비용,모름 (%),-,4.1
"업종별","일반음식점","소계",소계,배달앱,월평균 비용,평균 (원),338719.6,353124.7
"업종별","일반음식점","소계",소계,배달대행,이용여부 (%),예,8.9,13.5
"업종별","일반음식점","소계",소계,배달대행,이용여부 (%),아니오,91.1,86.5
"업종별","일반음식점","소계",소계,배달대행,월평균 비용,5만원 미만 (%),5.4,5.4
"업종별","일반음식점","소계",소계,배달대행,월평균 비용,5만원~15만원 미만 (%),19.6,13.7
"업종별","일반음식점","소계",소계,배달대행,월평균 비용,15만원~50만원 미만 (%),45.1,43.7
"업종별","일반음식점","소계",소계,배달대행,월평균 비용,50만원 이상 (%),29.9,33.5
"업종별","일반음식점","소계",소계,배달대행,월평균 비용,모름 (%),-,3.7
"업종별","일반음식점","소계",소계,배달대행,월평균 비용,평균 (원),525302.2,1388986.5
"업종별","일반음식점","한식",소계,배달앱,이용여부 (%),예,6.9,13.7
"업종별","일반음식점","한식",소계,배달앱,이용여부 (%),아니오,93.1,86.3
"업종별","일반음식점","한식",소계,배달앱,월평균 비용,5만원 미만 (%),2.9,4.3
"업종별","일반음식점","한식",소계,배달앱,월평균 비용,5만원~15만원 미만 (%),17.6,21.6
"업종별","일반음식점","한식",소계,배달앱,월평균 비용,15만원~50만원 미만 (%),52.3,54.4
"업종별","일반음식점","한식",소계,배달앱,월평균 비용,50만원 이상 (%),27.3,16.2
"업종별","일반음식점","한식",소계,배달앱,월평균 비용,모름 (%),-,3.5
"업종별","일반음식점","한식",소계,배달앱,월평균 비용,평균 (원),392673.1,356608.9
"업종별","일반음식점","한식",소계,배달대행,이용여부 (%),예,8.0,11.3
"업종별","일반음식점","한식",소계,배달대행,이용여부 (%),아니오,92.0,88.7
"업종별","일반음식점","한식",소계,배달대행,월평균 비용,5만원 미만 (%),5.4,4.6
"업종별","일반음식점","한식",소계,배달대행,월평균 비용,5만원~15만원 미만 (%),21.5,12.8
"업종별","일반음식점","한식",소계,배달대행,월평균 비용,15만원~50만원 미만 (%),48.1,46.1
"업종별","일반음식점","한식",소계,배달대행,월평균 비용,50만원 이상 (%),25.0,33.3
"업종별","일반음식점","한식",소계,배달대행,월평균 비용,모름 (%),-,3.2
"업종별","일반음식점","한식",소계,배달대행,월평균 비용,평균 (원),500659.1,1425614.9
"업종별","일반음식점","중식",소계,배달앱,이용여부 (%),예,37.2,36.0
"업종별","일반음식점","중식",소계,배달앱,이용여부 (%),아니오,62.8,64.0
"업종별","일반음식점","중식",소계,배달앱,월평균 비용,5만원 미만 (%),6.8,12.6
"업종별","일반음식점","중식",소계,배달앱,월평균 비용,5만원~15만원 미만 (%),42.3,11.7
"업종별","일반음식점","중식",소계,배달앱,월평균 비용,15만원~50만원 미만 (%),44.1,49.6
"업종별","일반음식점","중식",소계,배달앱,월평균 비용,50만원 이상 (%),6.8,18.9
"업종별","일반음식점","중식",소계,배달앱,월평균 비용,모름 (%),-,7.2
"업종별","일반음식점","중식",소계,배달앱,월평균 비용,평균 (원),235943.5,373188.9
"업종별","일반음식점","중식",소계,배달대행,이용여부 (%),예,18.9,23.2
"업종별","일반음식점","중식",소계,배달대행,이용여부 (%),아니오,81.1,76.8
"업종별","일반음식점","중식",소계,배달대행,월평균 비용,5만원 미만 (%),3.5,0.0
"업종별","일반음식점","중식",소계,배달대행,월평균 비용,5만원~15만원 미만 (%),6.7,18.7
"업종별","일반음식점","중식",소계,배달대행,월평균 비용,15만원~50만원 미만 (%),36.4,36.8
"업종별","일반음식점","중식",소계,배달대행,월평균 비용,50만원 이상 (%),53.4,34.2
"업종별","일반음식점","중식",소계,배달대행,월평균 비용,모름 (%),-,10.3
"업종별","일반음식점","중식",소계,배달대행,월평균 비용,평균 (원),721372.8,2161279.1
"업종별","일반음식점","일식",소계,배달앱,이용여부 (%),예,15.7,43.0
"업종별","일반음식점","일식",소계,배달앱,이용여부 (%),아니오,84.3,57.0
"업종별","일반음식점","일식",소계,배달앱,월평균 비용,5만원 미만 (%),8.4,6.9
"업종별","일반음식점","일식",소계,배달앱,월평균 비용,5만원~15만원 미만 (%),37.0,37.3
"업종별","일반음식점","일식",소계,배달앱,월평균 비용,15만원~50만원 미만 (%),25.1,36.4
"업종별","일반음식점","일식",소계,배달앱,월평균 비용,50만원 이상 (%),29.5,16.3
"업종별","일반음식점","일식",소계,배달앱,월평균 비용,모름 (%),-,3.0
"업종별","일반음식점","일식",소계,배달앱,월평균 비용,평균 (원),382619.0,328540.0
"업종별","일반음식점","일식",소계,배달대행,이용여부 (%),예,13.0,33.0
"업종별","일반음식점","일식",소계,배달대행,이용여부 (%),아니오,87.0,67.0
"업종별","일반음식점","일식",소계,배달대행,월평균 비용,5만원 미만 (%),5.3,17.0
"업종별","일반음식점","일식",소계,배달대행,월평균 비용,5만원~15만원 미만 (%),20.1,17.3
"업종별","일반음식점","일식",소계,배달대행,월평균 비용,15만원~50만원 미만 (%),38.1,32.9
"업종별","일반음식점","일식",소계,배달대행,월평균 비용,50만원 이상 (%),36.5,32.8
"업종별","일반음식점","일식",소계,배달대행,월평균 비용,모름 (%),-,0.0
"업종별","일반음식점","일식",소계,배달대행,월평균 비용,평균 (원),441226.0,545522.5
"업종별","일반음식점","서양식",소계,배달앱,이용여부 (%),예,12.2,34.5
"업종별","일반음식점","서양식",소계,배달앱,이용여부 (%),아니오,87.8,65.5
"업종별","일반음식점","서양식",소계,배달앱,월평균 비용,5만원 미만 (%),0.0,3.2
"업종별","일반음식점","서양식",소계,배달앱,월평균 비용,5만원~15만원 미만 (%),63.2,30.2
"업종별","일반음식점","서양식",소계,배달앱,월평균 비용,15만원~50만원 미만 (%),36.2,48.9
"업종별","일반음식점","서양식",소계,배달앱,월평균 비용,50만원 이상 (%),0.6,13.9
"업종별","일반음식점","서양식",소계,배달앱,월평균 비용,모름 (%),-,3.8
"업종별","일반음식점","서양식",소계,배달앱,월평균 비용,평균 (원),150165.0,347108.4
"업종별","일반음식점","서양식",소계,배달대행,이용여부 (%),예,8.6,26.3
"업종별","일반음식점","서양식",소계,배달대행,이용여부 (%),아니오,91.4,73.7
"업종별","일반음식점","서양식",소계,배달대행,월평균 비용,5만원 미만 (%),14.6,8.1
"업종별","일반음식점","서양식",소계,배달대행,월평균 비용,5만원~15만원 미만 (%),35.7,8.3
"업종별","일반음식점","서양식",소계,배달대행,월평균 비용,15만원~50만원 미만 (%),23.8,42.8
"업종별","일반음식점","서양식",소계,배달대행,월평균 비용,50만원 이상 (%),26.0,40.3
"업종별","일반음식점","서양식",소계,배달대행,월평균 비용,모름 (%),-,0.4
"업종별","일반음식점","서양식",소계,배달대행,월평균 비용,평균 (원),325424.8,1075143.6
"업종별","일반음식점","기타 외국식",소계,배달앱,이용여부 (%),예,8.0,19.9
"업종별","일반음식점","기타 외국식",소계,배달앱,이용여부 (%),아니오,92.0,80.1
"업종별","일반음식점","기타 외국식",소계,배달앱,월평균 비용,5만원 미만 (%),0.0,23.9
"업종별","일반음식점","기타 외국식",소계,배달앱,월평균 비용,5만원~15만원 미만 (%),5.2,34.1
"업종별","일반음식점","기타 외국식",소계,배달앱,월평균 비용,15만원~50만원 미만 (%),66.5,17.6
"업종별","일반음식점","기타 외국식",소계,배달앱,월평균 비용,50만원 이상 (%),28.3,12.2
"업종별","일반음식점","기타 외국식",소계,배달앱,월평균 비용,모름 (%),-,12.2
"업종별","일반음식점","기타 외국식",소계,배달앱,월평균 비용,평균 (원),312090.6,167259.6
"업종별","일반음식점","기타 외국식",소계,배달대행,이용여부 (%),예,5.2,16.3
"업종별","일반음식점","기타 외국식",소계,배달대행,이용여부 (%),아니오,94.8,83.7
"업종별","일반음식점","기타 외국식",소계,배달대행,월평균 비용,5만원 미만 (%),0.0,0.0
"업종별","일반음식점","기타 외국식",소계,배달대행,월평균 비용,5만원~15만원 미만 (%),0.0,20.2
"업종별","일반음식점","기타 외국식",소계,배달대행,월평균 비용,15만원~50만원 미만 (%),37.2,48.6
"업종별","일반음식점","기타 외국식",소계,배달대행,월평균 비용,50만원 이상 (%),62.8,14.9
"업종별","일반음식점","기타 외국식",소계,배달대행,월평균 비용,모름 (%),-,16.3
"업종별","일반음식점","기타 외국식",소계,배달대행,월평균 비용,평균 (원),645878.4,675044.4
"업종별","일반음식점 외","소계",소계,배달앱,이용여부 (%),예,13.1,23.0
"업종별","일반음식점 외","소계",소계,배달앱,이용여부 (%),아니오,86.9,77.0
"업종별","일반음식점 외","소계",소계,배달앱,월평균 비용,5만원 미만 (%),5.2,5.3
"업종별","일반음식점 외","소계",소계,배달앱,월평균 비용,5만원~15만원 미만 (%),19.7,26.8
"업종별","일반음식점 외","소계",소계,배달앱,월평균 비용,15만원~50만원 미만 (%),61.5,43.8
"업종별","일반음식점 외","소계",소계,배달앱,월평균 비용,50만원 이상 (%),13.6,19.8
"업종별","일반음식점 외","소계",소계,배달앱,월평균 비용,모름 (%),-,4.3
"업종별","일반음식점 외","소계",소계,배달앱,월평균 비용,평균 (원),301942.9,366326.2
"업종별","일반음식점 외","소계",소계,배달대행,이용여부 (%),예,11.2,17.6
"업종별","일반음식점 외","소계",소계,배달대행,이용여부 (%),아니오,88.8,82.4
"업종별","일반음식점 외","소계",소계,배달대행,월평균 비용,5만원 미만 (%),8.6,8.7
"업종별","일반음식점 외","소계",소계,배달대행,월평균 비용,5만원~15만원 미만 (%),15.7,13.8
"업종별","일반음식점 외","소계",소계,배달대행,월평균 비용,15만원~50만원 미만 (%),29.9,33.4
"업종별","일반음식점 외","소계",소계,배달대행,월평균 비용,50만원 이상 (%),45.7,39.1
"업종별","일반음식점 외","소계",소계,배달대행,월평균 비용,모름 (%),-,5.0
"업종별","일반음식점 외","소계",소계,배달대행,월평균 비용,평균 (원),687662.7,930372.0
"업종별","일반음식점 외","기관 구내식당업",소계,배달앱,이용여부 (%),예,0.0,0.0
"업종별","일반음식점 외","기관 구내식당업",소계,배달앱,이용여부 (%),아니오,100.0,100.0
"업종별","일반음식점 외","기관 구내식당업",소계,배달대행,이용여부 (%),예,0.0,0.0
"업종별","일반음식점 외","기관 구내식당업",소계,배달대행,이용여부 (%),아니오,100.0,100.0
"업종별","일반음식점 외","출장·이동음식점업",소계,배달앱,이용여부 (%),예,0.0,41.4
"업종별","일반음식점 외","출장·이동음식점업",소계,배달앱,이용여부 (%),아니오,100.0,58.6
"업종별","일반음식점 외","출장·이동음식점업",소계,배달앱,월평균 비용,5만원 미만 (%),-,0.0
"업종별","일반음식점 외","출장·이동음식점업",소계,배달앱,월평균 비용,5만원~15만원 미만 (%),-,0.0
"업종별","일반음식점 외","출장·이동음식점업",소계,배달앱,월평균 비용,15만원~50만원 미만 (%),-,0.0
"업종별","일반음식점 외","출장·이동음식점업",소계,배달앱,월평균 비용,50만원 이상 (%),-,100.0
"업종별","일반음식점 외","출장·이동음식점업",소계,배달앱,월평균 비용,모름 (%),-,0.0
"업종별","일반음식점 외","출장·이동음식점업",소계,배달앱,월평균 비용,평균 (원),-,700000.0
"업종별","일반음식점 외","출장·이동음식점업",소계,배달대행,이용여부 (%),예,0.0,41.4
"업종별","일반음식점 외","출장·이동음식점업",소계,배달대행,이용여부 (%),아니오,100.0,58.6
"업종별","일반음식점 외","출장·이동음식점업",소계,배달대행,월평균 비용,5만원 미만 (%),-,0.0
"업종별","일반음식점 외","출장·이동음식점업",소계,배달대행,월평균 비용,5만원~15만원 미만 (%),-,0.0
"업종별","일반음식점 외","출장·이동음식점업",소계,배달대행,월평균 비용,15만원~50만원 미만 (%),-,100.0
"업종별","일반음식점 외","출장·이동음식점업",소계,배달대행,월평균 비용,50만원 이상 (%),-,0.0
"업종별","일반음식점 외","출장·이동음식점업",소계,배달대행,월평균 비용,모름 (%),-,0.0
"업종별","일반음식점 외","출장·이동음식점업",소계,배달대행,월평균 비용,평균 (원),-,390000.0
"업종별","일반음식점 외","기타 음식점업",제과점,배달앱,이용여부 (%),예,1.6,27.6
"업종별","일반음식점 외","기타 음식점업",제과점,배달앱,이용여부 (%),아니오,98.4,72.4
"업종별","일반음식점 외","기타 음식점업",제과점,배달앱,월평균 비용,5만원 미만 (%),0.0,5.6
"업종별","일반음식점 외","기타 음식점업",제과점,배달앱,월평균 비용,5만원~15만원 미만 (%),29.5,41.9
"업종별","일반음식점 외","기타 음식점업",제과점,배달앱,월평균 비용,15만원~50만원 미만 (%),0.5,43.3
"업종별","일반음식점 외","기타 음식점업",제과점,배달앱,월평균 비용,50만원 이상 (%),70.0,0.1
"업종별","일반음식점 외","기타 음식점업",제과점,배달앱,월평균 비용,모름 (%),-,9.0
"업종별","일반음식점 외","기타 음식점업",제과점,배달앱,월평균 비용,평균 (원),587611.8,170315.3
"업종별","일반음식점 외","기타 음식점업",제과점,배달대행,이용여부 (%),예,2.8,19.6
"업종별","일반음식점 외","기타 음식점업",제과점,배달대행,이용여부 (%),아니오,97.2,80.4
"업종별","일반음식점 외","기타 음식점업",제과점,배달대행,월평균 비용,5만원 미만 (%),0.0,17.0
"업종별","일반음식점 외","기타 음식점업",제과점,배달대행,월평균 비용,5만원~15만원 미만 (%),17.3,38.8
"업종별","일반음식점 외","기타 음식점업",제과점,배달대행,월평균 비용,15만원~50만원 미만 (%),41.5,24.4
"업종별","일반음식점 외","기타 음식점업",제과점,배달대행,월평균 비용,50만원 이상 (%),41.2,11.2
"업종별","일반음식점 외","기타 음식점업",제과점,배달대행,월평균 비용,모름 (%),-,8.6
"업종별","일반음식점 외","기타 음식점업",제과점,배달대행,월평균 비용,평균 (원),388685.7,240650.0
"업종별","일반음식점 외","기타 음식점업",피자·햄버거·샌드위치 및 유사 음식점업,배달앱,이용여부 (%),예,55.2,65.9
"업종별","일반음식점 외","기타 음식점업",피자·햄버거·샌드위치 및 유사 음식점업,배달앱,이용여부 (%),아니오,44.8,34.1
"업종별","일반음식점 외","기타 음식점업",피자·햄버거·샌드위치 및 유사 음식점업,배달앱,월평균 비용,5만원 미만 (%),7.2,0.8
"업종별","일반음식점 외","기타 음식점업",피자·햄버거·샌드위치 및 유사 음식점업,배달앱,월평균 비용,5만원~15만원 미만 (%),26.7,32.0
"업종별","일반음식점 외","기타 음식점업",피자·햄버거·샌드위치 및 유사 음식점업,배달앱,월평균 비용,15만원~50만원 미만 (%),52.6,37.1
"업종별","일반음식점 외","기타 음식점업",피자·햄버거·샌드위치 및 유사 음식점업,배달앱,월평균 비용,50만원 이상 (%),13.5,27.4
"업종별","일반음식점 외","기타 음식점업",피자·햄버거·샌드위치 및 유사 음식점업,배달앱,월평균 비용,모름 (%),-,2.7
"업종별","일반음식점 외","기타 음식점업",피자·햄버거·샌드위치 및 유사 음식점업,배달앱,월평균 비용,평균 (원),306955.0,585980.0
"업종별","일반음식점 외","기타 음식점업",피자·햄버거·샌드위치 및 유사 음식점업,배달대행,이용여부 (%),예,49.4,61.8
"업종별","일반음식점 외","기타 음식점업",피자·햄버거·샌드위치 및 유사 음식점업,배달대행,이용여부 (%),아니오,50.6,38.2
"업종별","일반음식점 외","기타 음식점업",피자·햄버거·샌드위치 및 유사 음식점업,배달대행,월평균 비용,5만원 미만 (%),1.9,8.0
"업종별","일반음식점 외","기타 음식점업",피자·햄버거·샌드위치 및 유사 음식점업,배달대행,월평균 비용,5만원~15만원 미만 (%),16.5,11.1
"업종별","일반음식점 외","기타 음식점업",피자·햄버거·샌드위치 및 유사 음식점업,배달대행,월평균 비용,15만원~50만원 미만 (%),35.5,32.6
"업종별","일반음식점 외","기타 음식점업",피자·햄버거·샌드위치 및 유사 음식점업,배달대행,월평균 비용,50만원 이상 (%),46.2,46.7
"업종별","일반음식점 외","기타 음식점업",피자·햄버거·샌드위치 및 유사 음식점업,배달대행,월평균 비용,모름 (%),-,1.6
"업종별","일반음식점 외","기타 음식점업",피자·햄버거·샌드위치 및 유사 음식점업,배달대행,월평균 비용,평균 (원),706086.8,1659689.4
"업종별","일반음식점 외","기타 음식점업",치킨전문점,배달앱,이용여부 (%),예,57.4,79.4
"업종별","일반음식점 외","기타 음식점업",치킨전문점,배달앱,이용여부 (%),아니오,42.6,20.6
"업종별","일반음식점 외","기타 음식점업",치킨전문점,배달앱,월평균 비용,5만원 미만 (%),4.6,4.5
"업종별","일반음식점 외","기타 음식점업",치킨전문점,배달앱,월평균 비용,5만원~15만원 미만 (%),19.3,16.4
"업종별","일반음식점 외","기타 음식점업",치킨전문점,배달앱,월평균 비용,15만원~50만원 미만 (%),61.6,50.8
"업종별","일반음식점 외","기타 음식점업",치킨전문점,배달앱,월평균 비용,50만원 이상 (%),14.5,23.2
"업종별","일반음식점 외","기타 음식점업",치킨전문점,배달앱,월평균 비용,모름 (%),-,5.1
"업종별","일반음식점 외","기타 음식점업",치킨전문점,배달앱,월평균 비용,평균 (원),324037.5,364211.2
"업종별","일반음식점 외","기타 음식점업",치킨전문점,배달대행,이용여부 (%),예,49.2,61.6
"업종별","일반음식점 외","기타 음식점업",치킨전문점,배달대행,이용여부 (%),아니오,50.8,38.4
"업종별","일반음식점 외","기타 음식점업",치킨전문점,배달대행,월평균 비용,5만원 미만 (%),9.9,4.0
"업종별","일반음식점 외","기타 음식점업",치킨전문점,배달대행,월평균 비용,5만원~15만원 미만 (%),10.6,10.9
"업종별","일반음식점 외","기타 음식점업",치킨전문점,배달대행,월평균 비용,15만원~50만원 미만 (%),29.6,32.2
"업종별","일반음식점 외","기타 음식점업",치킨전문점,배달대행,월평균 비용,50만원 이상 (%),49.9,48.5
"업종별","일반음식점 외","기타 음식점업",치킨전문점,배달대행,월평균 비용,모름 (%),-,4.4
"업종별","일반음식점 외","기타 음식점업",치킨전문점,배달대행,월평균 비용,평균 (원),793054.4,919067.5
"업종별","일반음식점 외","기타 음식점업",김밥 및 기타 간이 음식점업,배달앱,이용여부 (%),예,7.3,24.9
"업종별","일반음식점 외","기타 음식점업",김밥 및 기타 간이 음식점업,배달앱,이용여부 (%),아니오,92.7,75.1
"업종별","일반음식점 외","기타 음식점업",김밥 및 기타 간이 음식점업,배달앱,월평균 비용,5만원 미만 (%),8.9,5.1
"업종별","일반음식점 외","기타 음식점업",김밥 및 기타 간이 음식점업,배달앱,월평균 비용,5만원~15만원 미만 (%),31.2,39.5
"업종별","일반음식점 외","기타 음식점업",김밥 및 기타 간이 음식점업,배달앱,월평균 비용,15만원~50만원 미만 (%),49.5,32.9
"업종별","일반음식점 외","기타 음식점업",김밥 및 기타 간이 음식점업,배달앱,월평균 비용,50만원 이상 (%),10.4,19.2
"업종별","일반음식점 외","기타 음식점업",김밥 및 기타 간이 음식점업,배달앱,월평균 비용,모름 (%),-,3.3
"업종별","일반음식점 외","기타 음식점업",김밥 및 기타 간이 음식점업,배달앱,월평균 비용,평균 (원),181861.4,364499.5
"업종별","일반음식점 외","기타 음식점업",김밥 및 기타 간이 음식점업,배달대행,이용여부 (%),예,6.9,20.6
"업종별","일반음식점 외","기타 음식점업",김밥 및 기타 간이 음식점업,배달대행,이용여부 (%),아니오,93.1,79.4
"업종별","일반음식점 외","기타 음식점업",김밥 및 기타 간이 음식점업,배달대행,월평균 비용,5만원 미만 (%),10.9,8.6
"업종별","일반음식점 외","기타 음식점업",김밥 및 기타 간이 음식점업,배달대행,월평균 비용,5만원~15만원 미만 (%),16.4,12.9
"업종별","일반음식점 외","기타 음식점업",김밥 및 기타 간이 음식점업,배달대행,월평균 비용,15만원~50만원 미만 (%),24.9,31.2
"업종별","일반음식점 외","기타 음식점업",김밥 및 기타 간이 음식점업,배달대행,월평균 비용,50만원 이상 (%),47.8,39.3
"업종별","일반음식점 외","기타 음식점업",김밥 및 기타 간이 음식점업,배달대행,월평균 비용,모름 (%),-,8.0
"업종별","일반음식점 외","기타 음식점업",김밥 및 기타 간이 음식점업,배달대행,월평균 비용,평균 (원),633979.9,831200.3
"업종별","일반음식점 외","기타 음식점업",간이 음식 포장 판매 전문점,배달앱,이용여부 (%),예,10.0,22.2
"업종별","일반음식점 외","기타 음식점업",간이 음식 포장 판매 전문점,배달앱,이용여부 (%),아니오,90.0,77.8
"업종별","일반음식점 외","기타 음식점업",간이 음식 포장 판매 전문점,배달앱,월평균 비용,5만원 미만 (%),0.0,3.8
"업종별","일반음식점 외","기타 음식점업",간이 음식 포장 판매 전문점,배달앱,월평균 비용,5만원~15만원 미만 (%),19.3,30.7
"업종별","일반음식점 외","기타 음식점업",간이 음식 포장 판매 전문점,배달앱,월평균 비용,15만원~50만원 미만 (%),64.0,50.5
"업종별","일반음식점 외","기타 음식점업",간이 음식 포장 판매 전문점,배달앱,월평균 비용,50만원 이상 (%),16.7,15.0
"업종별","일반음식점 외","기타 음식점업",간이 음식 포장 판매 전문점,배달앱,월평균 비용,모름 (%),-,0.0
"업종별","일반음식점 외","기타 음식점업",간이 음식 포장 판매 전문점,배달앱,월평균 비용,평균 (원),565763.9,319231.8
"업종별","일반음식점 외","기타 음식점업",간이 음식 포장 판매 전문점,배달대행,이용여부 (%),예,6.4,22.1
"업종별","일반음식점 외","기타 음식점업",간이 음식 포장 판매 전문점,배달대행,이용여부 (%),아니오,93.6,77.9
"업종별","일반음식점 외","기타 음식점업",간이 음식 포장 판매 전문점,배달대행,월평균 비용,5만원 미만 (%),18.3,22.1
"업종별","일반음식점 외","기타 음식점업",간이 음식 포장 판매 전문점,배달대행,월평균 비용,5만원~15만원 미만 (%),37.5,7.5
"업종별","일반음식점 외","기타 음식점업",간이 음식 포장 판매 전문점,배달대행,월평균 비용,15만원~50만원 미만 (%),44.2,21.6
"업종별","일반음식점 외","기타 음식점업",간이 음식 포장 판매 전문점,배달대행,월평균 비용,50만원 이상 (%),0.0,48.8
"업종별","일반음식점 외","기타 음식점업",간이 음식 포장 판매 전문점,배달대행,월평균 비용,모름 (%),-,0.0
"업종별","일반음식점 외","기타 음식점업",간이 음식 포장 판매 전문점,배달대행,월평균 비용,평균 (원),140688.4,801439.0
"업종별","일반음식점 외","주점업",소계,배달앱,이용여부 (%),예,2.0,5.7
"업종별","일반음식점 외","주점업",소계,배달앱,이용여부 (%),아니오,98.0,94.3
"업종별","일반음식점 외","주점업",소계,배달앱,월평균 비용,5만원 미만 (%),10.3,3.4
"업종별","일반음식점 외","주점업",소계,배달앱,월평균 비용,5만원~15만원 미만 (%),4.4,7.3
"업종별","일반음식점 외","주점업",소계,배달앱,월평균 비용,15만원~50만원 미만 (%),80.8,64.4
"업종별","일반음식점 외","주점업",소계,배달앱,월평균 비용,50만원 이상 (%),4.6,23.3
"업종별","일반음식점 외","주점업",소계,배달앱,월평균 비용,모름 (%),-,1.6
"업종별","일반음식점 외","주점업",소계,배달앱,월평균 비용,평균 (원),243016.9,387605.1
"업종별","일반음식점 외","주점업",소계,배달대행,이용여부 (%),예,1.8,3.7
"업종별","일반음식점 외","주점업",소계,배달대행,이용여부 (%),아니오,98.2,96.3
"업종별","일반음식점 외","주점업",소계,배달대행,월평균 비용,5만원 미만 (%),18.7,5.2
"업종별","일반음식점 외","주점업",소계,배달대행,월평균 비용,5만원~15만원 미만 (%),18.7,13.9
"업종별","일반음식점 외","주점업",소계,배달대행,월평균 비용,15만원~50만원 미만 (%),15.6,58.7
"업종별","일반음식점 외","주점업",소계,배달대행,월평균 비용,50만원 이상 (%),46.9,19.7
"업종별","일반음식점 외","주점업",소계,배달대행,월평균 비용,모름 (%),-,2.5
"업종별","일반음식점 외","주점업",소계,배달대행,월평균 비용,평균 (원),384897.2,374274.7
"업종별","일반음식점 외","비알콜 음료점업",소계,배달앱,이용여부 (%),예,6.6,14.0
"업종별","일반음식점 외","비알콜 음료점업",소계,배달앱,이용여부 (%),아니오,93.4,86.0
"업종별","일반음식점 외","비알콜 음료점업",소계,배달앱,월평균 비용,5만원 미만 (%),0.0,13.6
"업종별","일반음식점 외","비알콜 음료점업",소계,배달앱,월평균 비용,5만원~15만원 미만 (%),6.7,40.0
"업종별","일반음식점 외","비알콜 음료점업",소계,배달앱,월평균 비용,15만원~50만원 미만 (%),80.6,31.3
"업종별","일반음식점 외","비알콜 음료점업",소계,배달앱,월평균 비용,50만원 이상 (%),12.7,9.8
"업종별","일반음식점 외","비알콜 음료점업",소계,배달앱,월평균 비용,모름 (%),-,5.3
"업종별","일반음식점 외","비알콜 음료점업",소계,배달앱,월평균 비용,평균 (원),240676.0,205828.8
"업종별","일반음식점 외","비알콜 음료점업",소계,배달대행,이용여부 (%),예,4.3,7.7
"업종별","일반음식점 외","비알콜 음료점업",소계,배달대행,이용여부 (%),아니오,95.7,92.3
"업종별","일반음식점 외","비알콜 음료점업",소계,배달대행,월평균 비용,5만원 미만 (%),9.9,21.3
"업종별","일반음식점 외","비알콜 음료점업",소계,배달대행,월평균 비용,5만원~15만원 미만 (%),38.1,17.3
"업종별","일반음식점 외","비알콜 음료점업",소계,배달대행,월평균 비용,15만원~50만원 미만 (%),27.5,30.6
"업종별","일반음식점 외","비알콜 음료점업",소계,배달대행,월평균 비용,50만원 이상 (%),24.5,20.3
"업종별","일반음식점 외","비알콜 음료점업",소계,배달대행,월평균 비용,모름 (%),-,10.4
"업종별","일반음식점 외","비알콜 음료점업",소계,배달대행,월평균 비용,평균 (원),396138.2,531550.6
"운영형태별","프랜차이즈","소계",소계,배달앱,이용여부 (%),예,28.9,44.2
"운영형태별","프랜차이즈","소계",소계,배달앱,이용여부 (%),아니오,71.1,55.8
"운영형태별","프랜차이즈","소계",소계,배달앱,월평균 비용,5만원 미만 (%),4.0,5.8
"운영형태별","프랜차이즈","소계",소계,배달앱,월평균 비용,5만원~15만원 미만 (%),20.2,24.5
"운영형태별","프랜차이즈","소계",소계,배달앱,월평균 비용,15만원~50만원 미만 (%),57.3,45.2
"운영형태별","프랜차이즈","소계",소계,배달앱,월평균 비용,50만원 이상 (%),18.5,19.4
"운영형태별","프랜차이즈","소계",소계,배달앱,월평균 비용,모름 (%),-,5.1
"운영형태별","프랜차이즈","소계",소계,배달앱,월평균 비용,평균 (원),345949.5,382144.4
"운영형태별","프랜차이즈","소계",소계,배달대행,이용여부 (%),예,24.8,33.3
"운영형태별","프랜차이즈","소계",소계,배달대행,이용여부 (%),아니오,75.2,66.7
"운영형태별","프랜차이즈","소계",소계,배달대행,월평균 비용,5만원 미만 (%),8.4,8.2
"운영형태별","프랜차이즈","소계",소계,배달대행,월평균 비용,5만원~15만원 미만 (%),16.8,12.4
"운영형태별","프랜차이즈","소계",소계,배달대행,월평균 비용,15만원~50만원 미만 (%),30.5,35.6
"운영형태별","프랜차이즈","소계",소계,배달대행,월평균 비용,50만원 이상 (%),44.3,39.1
"운영형태별","프랜차이즈","소계",소계,배달대행,월평균 비용,모름 (%),-,4.7
"운영형태별","프랜차이즈","소계",소계,배달대행,월평균 비용,평균 (원),712303.3,1105907.8
"운영형태별","비프랜차이즈","소계",소계,배달앱,이용여부 (%),예,6.7,10.9
"운영형태별","비프랜차이즈","소계",소계,배달앱,이용여부 (%),아니오,93.3,89.1
"운영형태별","비프랜차이즈","소계",소계,배달앱,월평균 비용,5만원 미만 (%),5.5,5.2
"운영형태별","비프랜차이즈","소계",소계,배달앱,월평균 비용,5만원~15만원 미만 (%),26.0,25.4
"운영형태별","비프랜차이즈","소계",소계,배달앱,월평균 비용,15만원~50만원 미만 (%),53.6,49.9
"운영형태별","비프랜차이즈","소계",소계,배달앱,월평균 비용,50만원 이상 (%),14.9,16.5
"운영형태별","비프랜차이즈","소계",소계,배달앱,월평균 비용,모름 (%),-,3.0
"운영형태별","비프랜차이즈","소계",소계,배달앱,월평균 비용,평균 (원),287838.1,328638.7
"운영형태별","비프랜차이즈","소계",소계,배달대행,이용여부 (%),예,6.2,8.8
"운영형태별","비프랜차이즈","소계",소계,배달대행,이용여부 (%),아니오,93.8,91.2
"운영형태별","비프랜차이즈","소계",소계,배달대행,월평균 비용,5만원 미만 (%),5.7,5.8
"운영형태별","비프랜차이즈","소계",소계,배달대행,월평균 비용,5만원~15만원 미만 (%),18.2,15.7
"운영형태별","비프랜차이즈","소계",소계,배달대행,월평균 비용,15만원~50만원 미만 (%),43.7,41.5
"운영형태별","비프랜차이즈","소계",소계,배달대행,월평균 비용,50만원 이상 (%),32.3,33.0
"운영형태별","비프랜차이즈","소계",소계,배달대행,월평균 비용,모름 (%),-,4.0
"운영형태별","비프랜차이즈","소계",소계,배달대행,월평균 비용,평균 (원),510268.0,1187110.9
"지역별","서울권","소계",소계,배달앱,이용여부 (%),예,9.7,19.9
"지역별","서울권","소계",소계,배달앱,이용여부 (%),아니오,90.3,80.1
"지역별","서울권","소계",소계,배달앱,월평균 비용,5만원 미만 (%),6.2,4.6
"지역별","서울권","소계",소계,배달앱,월평균 비용,5만원~15만원 미만 (%),26.7,19.3
"지역별","서울권","소계",소계,배달앱,월평균 비용,15만원~50만원 미만 (%),52.2,49.4
"지역별","서울권","소계",소계,배달앱,월평균 비용,50만원 이상 (%),14.9,19.7
"지역별","서울권","소계",소계,배달앱,월평균 비용,모름 (%),-,7.0
"지역별","서울권","소계",소계,배달앱,월평균 비용,평균 (원),338523.9,370048.4
"지역별","서울권","소계",소계,배달대행,이용여부 (%),예,7.0,16.8
"지역별","서울권","소계",소계,배달대행,이용여부 (%),아니오,93.0,83.2
"지역별","서울권","소계",소계,배달대행,월평균 비용,5만원 미만 (%),11.1,3.5
"지역별","서울권","소계",소계,배달대행,월평균 비용,5만원~15만원 미만 (%),24.7,9.6
"지역별","서울권","소계",소계,배달대행,월평균 비용,15만원~50만원 미만 (%),26.9,33.2
"지역별","서울권","소계",소계,배달대행,월평균 비용,50만원 이상 (%),37.3,48.0
"지역별","서울권","소계",소계,배달대행,월평균 비용,모름 (%),-,5.6
"지역별","서울권","소계",소계,배달대행,월평균 비용,평균 (원),729198.3,2808205.3
"지역별","수도권","소계",소계,배달앱,이용여부 (%),예,10.9,19.2
"지역별","수도권","소계",소계,배달앱,이용여부 (%),아니오,89.1,80.8
"지역별","수도권","소계",소계,배달앱,월평균 비용,5만원 미만 (%),5.7,5.8
"지역별","수도권","소계",소계,배달앱,월평균 비용,5만원~15만원 미만 (%),16.7,24.2
"지역별","수도권","소계",소계,배달앱,월평균 비용,15만원~50만원 미만 (%),57.7,46.8
"지역별","수도권","소계",소계,배달앱,월평균 비용,50만원 이상 (%),19.9,19.3
"지역별","수도권","소계",소계,배달앱,월평균 비용,모름 (%),-,3.9
"지역별","수도권","소계",소계,배달앱,월평균 비용,평균 (원),366492.6,397012.7
"지역별","수도권","소계",소계,배달대행,이용여부 (%),예,10.2,13.3
"지역별","수도권","소계",소계,배달대행,이용여부 (%),아니오,89.8,86.7
"지역별","수도권","소계",소계,배달대행,월평균 비용,5만원 미만 (%),4.3,11.3
"지역별","수도권","소계",소계,배달대행,월평균 비용,5만원~15만원 미만 (%),16.4,16.8
"지역별","수도권","소계",소계,배달대행,월평균 비용,15만원~50만원 미만 (%),41.4,27.3
"지역별","수도권","소계",소계,배달대행,월평균 비용,50만원 이상 (%),37.9,40.8
"지역별","수도권","소계",소계,배달대행,월평균 비용,모름 (%),-,3.8
"지역별","수도권","소계",소계,배달대행,월평균 비용,평균 (원),594338.2,823420.8
"지역별","충청권","소계",소계,배달앱,이용여부 (%),예,10.2,23.7
"지역별","충청권","소계",소계,배달앱,이용여부 (%),아니오,89.8,76.3
"지역별","충청권","소계",소계,배달앱,월평균 비용,5만원 미만 (%),0.0,7.9
"지역별","충청권","소계",소계,배달앱,월평균 비용,5만원~15만원 미만 (%),25.5,12.3
"지역별","충청권","소계",소계,배달앱,월평균 비용,15만원~50만원 미만 (%),67.0,49.0
"지역별","충청권","소계",소계,배달앱,월평균 비용,50만원 이상 (%),7.5,27.5
"지역별","충청권","소계",소계,배달앱,월평균 비용,모름 (%),-,3.3
"지역별","충청권","소계",소계,배달앱,월평균 비용,평균 (원),280249.8,460393.4
"지역별","충청권","소계",소계,배달대행,이용여부 (%),예,7.1,14.0
"지역별","충청권","소계",소계,배달대행,이용여부 (%),아니오,92.9,86.0
"지역별","충청권","소계",소계,배달대행,월평균 비용,5만원 미만 (%),0.0,12.4
"지역별","충청권","소계",소계,배달대행,월평균 비용,5만원~15만원 미만 (%),20.2,13.1
"지역별","충청권","소계",소계,배달대행,월평균 비용,15만원~50만원 미만 (%),31.8,45.6
"지역별","충청권","소계",소계,배달대행,월평균 비용,50만원 이상 (%),48.0,25.8
"지역별","충청권","소계",소계,배달대행,월평균 비용,모름 (%),-,3.1
"지역별","충청권","소계",소계,배달대행,월평균 비용,평균 (원),620168.2,500146.9
"지역별","호남권","소계",소계,배달앱,이용여부 (%),예,10.1,22.8
"지역별","호남권","소계",소계,배달앱,이용여부 (%),아니오,89.9,77.2
"지역별","호남권","소계",소계,배달앱,월평균 비용,5만원 미만 (%),3.6,3.6
"지역별","호남권","소계",소계,배달앱,월평균 비용,5만원~15만원 미만 (%),18.0,30.2
"지역별","호남권","소계",소계,배달앱,월평균 비용,15만원~50만원 미만 (%),65.8,58.5
"지역별","호남권","소계",소계,배달앱,월평균 비용,50만원 이상 (%),12.6,6.8
"지역별","호남권","소계",소계,배달앱,월평균 비용,모름 (%),-,0.8
"지역별","호남권","소계",소계,배달앱,월평균 비용,평균 (원),278019.6,233607.4
"지역별","호남권","소계",소계,배달대행,이용여부 (%),예,10.6,21.2
"지역별","호남권","소계",소계,배달대행,이용여부 (%),아니오,89.4,78.8
"지역별","호남권","소계",소계,배달대행,월평균 비용,5만원 미만 (%),0.7,1.1
"지역별","호남권","소계",소계,배달대행,월평균 비용,5만원~15만원 미만 (%),7.6,1.6
"지역별","호남권","소계",소계,배달대행,월평균 비용,15만원~50만원 미만 (%),41.3,71.3
"지역별","호남권","소계",소계,배달대행,월평균 비용,50만원 이상 (%),50.4,22.3
"지역별","호남권","소계",소계,배달대행,월평균 비용,모름 (%),-,3.6
"지역별","호남권","소계",소계,배달대행,월평균 비용,평균 (원),716456.4,493357.7
"지역별","경남권","소계",소계,배달앱,이용여부 (%),예,16.1,18.7
"지역별","경남권","소계",소계,배달앱,이용여부 (%),아니오,83.9,81.3
"지역별","경남권","소계",소계,배달앱,월평균 비용,5만원 미만 (%),4.0,3.1
"지역별","경남권","소계",소계,배달앱,월평균 비용,5만원~15만원 미만 (%),31.7,34.1
"지역별","경남권","소계",소계,배달앱,월평균 비용,15만원~50만원 미만 (%),45.6,43.2
"지역별","경남권","소계",소계,배달앱,월평균 비용,50만원 이상 (%),18.7,13.9
"지역별","경남권","소계",소계,배달앱,월평균 비용,모름 (%),-,5.7
"지역별","경남권","소계",소계,배달앱,월평균 비용,평균 (원),283893.1,311115.8
"지역별","경남권","소계",소계,배달대행,이용여부 (%),예,15.9,15.6
"지역별","경남권","소계",소계,배달대행,이용여부 (%),아니오,84.1,84.4
"지역별","경남권","소계",소계,배달대행,월평균 비용,5만원 미만 (%),13.8,6.9
"지역별","경남권","소계",소계,배달대행,월평균 비용,5만원~15만원 미만 (%),22.9,20.9
"지역별","경남권","소계",소계,배달대행,월평균 비용,15만원~50만원 미만 (%),32.1,27.4
"지역별","경남권","소계",소계,배달대행,월평균 비용,50만원 이상 (%),31.3,38.3
"지역별","경남권","소계",소계,배달대행,월평균 비용,모름 (%),-,6.4
"지역별","경남권","소계",소계,배달대행,월평균 비용,평균 (원),530281.5,958058.3
"지역별","경북권","소계",소계,배달앱,이용여부 (%),예,8.0,15.2
"지역별","경북권","소계",소계,배달앱,이용여부 (%),아니오,92.0,84.8
"지역별","경북권","소계",소계,배달앱,월평균 비용,5만원 미만 (%),6.6,9.5
"지역별","경북권","소계",소계,배달앱,월평균 비용,5만원~15만원 미만 (%),10.0,43.1
"지역별","경북권","소계",소계,배달앱,월평균 비용,15만원~50만원 미만 (%),63.4,29.6
"지역별","경북권","소계",소계,배달앱,월평균 비용,50만원 이상 (%),20.0,14.6
"지역별","경북권","소계",소계,배달앱,월평균 비용,모름 (%),-,3.2
"지역별","경북권","소계",소계,배달앱,월평균 비용,평균 (원),353602.0,263120.7
"지역별","경북권","소계",소계,배달대행,이용여부 (%),예,6.1,15.3
"지역별","경북권","소계",소계,배달대행,이용여부 (%),아니오,93.9,84.7
"지역별","경북권","소계",소계,배달대행,월평균 비용,5만원 미만 (%),-,6.2
"지역별","경북권","소계",소계,배달대행,월평균 비용,5만원~15만원 미만 (%),6.0,19.4
"지역별","경북권","소계",소계,배달대행,월평균 비용,15만원~50만원 미만 (%),57.7,36.8
"지역별","경북권","소계",소계,배달대행,월평균 비용,50만원 이상 (%),36.4,34.4
"지역별","경북권","소계",소계,배달대행,월평균 비용,모름 (%),-,3.2
"지역별","경북권","소계",소계,배달대행,월평균 비용,평균 (원),523039.2,689385.6
"매출액규모별","5천만원 미만","소계",소계,배달앱,이용여부 (%),예,2.0,6.4
"매출액규모별","5천만원 미만","소계",소계,배달앱,이용여부 (%),아니오,98.0,93.6
"매출액규모별","5천만원 미만","소계",소계,배달앱,월평균 비용,5만원 미만 (%),0.0,4.7
"매출액규모별","5천만원 미만","소계",소계,배달앱,월평균 비용,5만원~15만원 미만 (%),40.3,30.9
"매출액규모별","5천만원 미만","소계",소계,배달앱,월평균 비용,15만원~50만원 미만 (%),59.7,57.1
"매출액규모별","5천만원 미만","소계",소계,배달앱,월평균 비용,50만원 이상 (%),0.0,3.5
"매출액규모별","5천만원 미만","소계",소계,배달앱,월평균 비용,모름 (%),-,3.8
"매출액규모별","5천만원 미만","소계",소계,배달앱,월평균 비용,평균 (원),178260.9,187796.2
"매출액규모별","5천만원 미만","소계",소계,배달대행,이용여부 (%),예,2.3,4.6
"매출액규모별","5천만원 미만","소계",소계,배달대행,이용여부 (%),아니오,97.7,95.4
"매출액규모별","5천만원 미만","소계",소계,배달대행,월평균 비용,5만원 미만 (%),7.4,7.4
"매출액규모별","5천만원 미만","소계",소계,배달대행,월평균 비용,5만원~15만원 미만 (%),47.4,25.9
"매출액규모별","5천만원 미만","소계",소계,배달대행,월평균 비용,15만원~50만원 미만 (%),28.8,46.9
"매출액규모별","5천만원 미만","소계",소계,배달대행,월평균 비용,50만원 이상 (%),16.5,19.7
"매출액규모별","5천만원 미만","소계",소계,배달대행,월평균 비용,모름 (%),-,0.0
"매출액규모별","5천만원 미만","소계",소계,배달대행,월평균 비용,평균 (원),284928.1,482341.2
"매출액규모별","5천만원~1억원 미만","소계",소계,배달앱,이용여부 (%),예,5.9,15.3
"매출액규모별","5천만원~1억원 미만","소계",소계,배달앱,이용여부 (%),아니오,94.1,84.7
"매출액규모별","5천만원~1억원 미만","소계",소계,배달앱,월평균 비용,5만원 미만 (%),4.1,6.1
"매출액규모별","5천만원~1억원 미만","소계",소계,배달앱,월평균 비용,5만원~15만원 미만 (%),21.4,42.1
"매출액규모별","5천만원~1억원 미만","소계",소계,배달앱,월평균 비용,15만원~50만원 미만 (%),59.5,40.1
"매출액규모별","5천만원~1억원 미만","소계",소계,배달앱,월평균 비용,50만원 이상 (%),15.0,10.2
"매출액규모별","5천만원~1억원 미만","소계",소계,배달앱,월평균 비용,모름 (%),-,1.5
"매출액규모별","5천만원~1억원 미만","소계",소계,배달앱,월평균 비용,평균 (원),266616.3,233843.1
"매출액규모별","5천만원~1억원 미만","소계",소계,배달대행,이용여부 (%),예,5.5,12.7
"매출액규모별","5천만원~1억원 미만","소계",소계,배달대행,이용여부 (%),아니오,94.5,87.3
"매출액규모별","5천만원~1억원 미만","소계",소계,배달대행,월평균 비용,5만원 미만 (%),9.8,7.1
"매출액규모별","5천만원~1억원 미만","소계",소계,배달대행,월평균 비용,5만원~15만원 미만 (%),23.8,17.0
"매출액규모별","5천만원~1억원 미만","소계",소계,배달대행,월평균 비용,15만원~50만원 미만 (%),33.8,53.0
"매출액규모별","5천만원~1억원 미만","소계",소계,배달대행,월평균 비용,50만원 이상 (%),32.7,19.9
"매출액규모별","5천만원~1억원 미만","소계",소계,배달대행,월평균 비용,모름 (%),-,3.1
"매출액규모별","5천만원~1억원 미만","소계",소계,배달대행,월평균 비용,평균 (원),529708.2,417852.9
"매출액규모별","1억원~5억원 미만","소계",소계,배달앱,이용여부 (%),예,13.8,23.2
"매출액규모별","1억원~5억원 미만","소계",소계,배달앱,이용여부 (%),아니오,86.2,76.8
"매출액규모별","1억원~5억원 미만","소계",소계,배달앱,월평균 비용,5만원 미만 (%),5.2,5.1
"매출액규모별","1억원~5억원 미만","소계",소계,배달앱,월평균 비용,5만원~15만원 미만 (%),23.7,22.1
"매출액규모별","1억원~5억원 미만","소계",소계,배달앱,월평균 비용,15만원~50만원 미만 (%),56.3,47.9
"매출액규모별","1억원~5억원 미만","소계",소계,배달앱,월평균 비용,50만원 이상 (%),14.8,20.3
"매출액규모별","1억원~5억원 미만","소계",소계,배달앱,월평균 비용,모름 (%),-,4.7
"매출액규모별","1억원~5억원 미만","소계",소계,배달앱,월평균 비용,평균 (원),313140.8,382625.9
"매출액규모별","1억원~5억원 미만","소계",소계,배달대행,이용여부 (%),예,12.3,18.0
"매출액규모별","1억원~5억원 미만","소계",소계,배달대행,이용여부 (%),아니오,87.7,82.0
"매출액규모별","1억원~5억원 미만","소계",소계,배달대행,월평균 비용,5만원 미만 (%),7.0,7.3
"매출액규모별","1억원~5억원 미만","소계",소계,배달대행,월평균 비용,5만원~15만원 미만 (%),16.1,12.6
"매출액규모별","1억원~5억원 미만","소계",소계,배달대행,월평균 비용,15만원~50만원 미만 (%),35.6,36.7
"매출액규모별","1억원~5억원 미만","소계",소계,배달대행,월평균 비용,50만원 이상 (%),41.2,38.3
"매출액규모별","1억원~5억원 미만","소계",소계,배달대행,월평균 비용,모름 (%),-,5.0
"매출액규모별","1억원~5억원 미만","소계",소계,배달대행,월평균 비용,평균 (원),644305.3,907715.3
"매출액규모별","5억원 이상","소계",소계,배달앱,이용여부 (%),예,19.1,28.1
"매출액규모별","5억원 이상","소계",소계,배달앱,이용여부 (%),아니오,80.9,71.9
"매출액규모별","5억원 이상","소계",소계,배달앱,월평균 비용,5만원 미만 (%),0.0,9.1
"매출액규모별","5억원 이상","소계",소계,배달앱,월평균 비용,5만원~15만원 미만 (%),10.8,13.6
"매출액규모별","5억원 이상","소계",소계,배달앱,월평균 비용,15만원~50만원 미만 (%),33.9,48.9
"매출액규모별","5억원 이상","소계",소계,배달앱,월평균 비용,50만원 이상 (%),55.2,22.9
"매출액규모별","5억원 이상","소계",소계,배달앱,월평균 비용,모름 (%),-,5.6
"매출액규모별","5억원 이상","소계",소계,배달앱,월평균 비용,평균 (원),559147.5,492248.7
"매출액규모별","5억원 이상","소계",소계,배달대행,이용여부 (%),예,15.8,19.4
"매출액규모별","5억원 이상","소계",소계,배달대행,이용여부 (%),아니오,84.2,80.6
"매출액규모별","5억원 이상","소계",소계,배달대행,월평균 비용,5만원 미만 (%),0.0,6.2
"매출액규모별","5억원 이상","소계",소계,배달대행,월평균 비용,5만원~15만원 미만 (%),12.7,11.3
"매출액규모별","5억원 이상","소계",소계,배달대행,월평균 비용,15만원~50만원 미만 (%),72.4,13.9
"매출액규모별","5억원 이상","소계",소계,배달대행,월평균 비용,50만원 이상 (%),14.9,64.2
"매출액규모별","5억원 이상","소계",소계,배달대행,월평균 비용,모름 (%),-,4.3
"매출액규모별","5억원 이상","소계",소계,배달대행,월평균 비용,평균 (원),419694.2,5115009.7
